channel,label,start,end,peak_date,peak_value,n_spike_days
china_east,China / Eastern Border,2017-03-03,2017-03-04,2017-03-03,0.0552,2
shipping,Shipping & Chokepoints,2017-03-04,2017-03-05,2017-03-05,0.1242,2
shipping,Shipping & Chokepoints,2017-03-14,2017-03-15,2017-03-14,0.2063,2
gulf_energy,Gulf & Energy Security,2017-03-24,2017-03-28,2017-03-24,0.2766,3
china_east,China / Eastern Border,2017-04-01,2017-04-08,2017-04-05,0.0811,6
shipping,Shipping & Chokepoints,2017-04-03,2017-04-03,2017-04-03,0.1554,1
shipping,Shipping & Chokepoints,2017-04-08,2017-04-09,2017-04-09,0.2948,2
us_trade,US & Trade Policy,2017-04-18,2017-04-18,2017-04-18,0.1318,1
pakistan_west,Pakistan / Western Border,2017-04-27,2017-04-27,2017-04-27,0.0647,1
pakistan_west,Pakistan / Western Border,2017-05-01,2017-05-03,2017-05-02,0.1523,3
pakistan_west,Pakistan / Western Border,2017-05-13,2017-05-14,2017-05-13,0.1651,2
gulf_energy,Gulf & Energy Security,2017-05-22,2017-05-22,2017-05-22,0.2155,1
pakistan_west,Pakistan / Western Border,2017-05-24,2017-05-24,2017-05-24,0.1087,1
china_east,China / Eastern Border,2017-05-26,2017-05-29,2017-05-26,0.082,2
pakistan_west,Pakistan / Western Border,2017-06-03,2017-06-03,2017-06-03,0.11,1
gulf_energy,Gulf & Energy Security,2017-06-05,2017-06-09,2017-06-05,0.2577,4
us_trade,US & Trade Policy,2017-06-25,2017-06-27,2017-06-27,0.0772,2
china_east,China / Eastern Border,2017-07-05,2017-07-06,2017-07-05,0.0702,2
gulf_energy,Gulf & Energy Security,2017-07-06,2017-07-09,2017-07-06,0.2163,2
us_trade,US & Trade Policy,2017-07-06,2017-07-07,2017-07-07,0.1377,2
pakistan_west,Pakistan / Western Border,2017-07-08,2017-07-09,2017-07-09,0.1104,2
china_east,China / Eastern Border,2017-07-10,2017-07-11,2017-07-11,0.0745,2
shipping,Shipping & Chokepoints,2017-07-12,2017-07-12,2017-07-12,0.1164,1
china_east,China / Eastern Border,2017-07-19,2017-07-19,2017-07-19,0.0628,1
china_east,China / Eastern Border,2017-07-24,2017-07-25,2017-07-24,0.0811,2
gulf_energy,Gulf & Energy Security,2017-07-26,2017-07-29,2017-07-26,0.3075,3
gulf_energy,Gulf & Energy Security,2017-08-05,2017-08-05,2017-08-05,0.263,1
shipping,Shipping & Chokepoints,2017-08-06,2017-08-06,2017-08-06,0.1624,1
shipping,Shipping & Chokepoints,2017-08-11,2017-08-11,2017-08-11,0.1363,1
china_east,China / Eastern Border,2017-08-12,2017-08-12,2017-08-12,0.0871,1
shipping,Shipping & Chokepoints,2017-08-21,2017-08-24,2017-08-21,0.3771,3
china_east,China / Eastern Border,2017-08-28,2017-08-28,2017-08-28,0.1897,1
pakistan_west,Pakistan / Western Border,2017-09-22,2017-09-22,2017-09-22,0.0963,1
gulf_energy,Gulf & Energy Security,2017-10-14,2017-10-17,2017-10-17,0.2122,2
us_trade,US & Trade Policy,2017-11-10,2017-11-11,2017-11-10,0.0493,2
shipping,Shipping & Chokepoints,2017-11-25,2017-11-26,2017-11-25,0.3779,2
gulf_energy,Gulf & Energy Security,2017-12-03,2017-12-07,2017-12-06,0.2079,3
china_east,China / Eastern Border,2017-12-07,2017-12-07,2017-12-07,0.0574,1
shipping,Shipping & Chokepoints,2017-12-23,2017-12-23,2017-12-23,0.2427,1
pakistan_west,Pakistan / Western Border,2017-12-24,2017-12-27,2017-12-26,0.1227,3
gulf_energy,Gulf & Energy Security,2017-12-25,2017-12-25,2017-12-25,0.2617,1
us_trade,US & Trade Policy,2017-12-29,2017-12-31,2017-12-31,0.0321,2
pakistan_west,Pakistan / Western Border,2017-12-31,2017-12-31,2017-12-31,0.0912,1
gulf_energy,Gulf & Energy Security,2018-01-04,2018-01-04,2018-01-04,0.2089,1
us_trade,US & Trade Policy,2018-01-09,2018-01-10,2018-01-09,0.0362,2
gulf_energy,Gulf & Energy Security,2018-01-12,2018-01-13,2018-01-13,0.2254,2
pakistan_west,Pakistan / Western Border,2018-01-15,2018-01-15,2018-01-15,0.1059,1
pakistan_west,Pakistan / Western Border,2018-01-19,2018-01-21,2018-01-20,0.1154,3
us_trade,US & Trade Policy,2018-01-23,2018-01-24,2018-01-23,0.0529,2
us_trade,US & Trade Policy,2018-01-30,2018-01-30,2018-01-30,0.0407,1
gulf_energy,Gulf & Energy Security,2018-02-10,2018-02-11,2018-02-10,0.4407,2
china_east,China / Eastern Border,2018-02-15,2018-02-15,2018-02-15,0.0427,1
us_trade,US & Trade Policy,2018-02-17,2018-02-17,2018-02-17,0.038,1
gulf_energy,Gulf & Energy Security,2018-02-18,2018-02-18,2018-02-18,0.3628,1
us_trade,US & Trade Policy,2018-02-23,2018-02-24,2018-02-24,0.0642,2
us_trade,US & Trade Policy,2018-03-02,2018-03-11,2018-03-09,0.0985,9
china_east,China / Eastern Border,2018-03-03,2018-03-03,2018-03-03,0.0369,1
pakistan_west,Pakistan / Western Border,2018-03-18,2018-03-18,2018-03-18,0.1268,1
us_trade,US & Trade Policy,2018-03-23,2018-03-27,2018-03-26,0.1402,3
china_east,China / Eastern Border,2018-03-31,2018-03-31,2018-03-31,0.047,1
shipping,Shipping & Chokepoints,2018-04-09,2018-04-09,2018-04-09,0.0826,1
china_east,China / Eastern Border,2018-04-27,2018-04-28,2018-04-28,0.0846,2
gulf_energy,Gulf & Energy Security,2018-04-30,2018-05-01,2018-05-01,0.5065,2
gulf_energy,Gulf & Energy Security,2018-05-08,2018-05-11,2018-05-10,1.1515,4
pakistan_west,Pakistan / Western Border,2018-05-18,2018-05-19,2018-05-19,0.0791,2
pakistan_west,Pakistan / Western Border,2018-05-26,2018-05-26,2018-05-26,0.0951,1
pakistan_west,Pakistan / Western Border,2018-05-30,2018-05-30,2018-05-30,0.0698,1
pakistan_west,Pakistan / Western Border,2018-06-03,2018-06-03,2018-06-03,0.107,1
us_trade,US & Trade Policy,2018-06-10,2018-06-10,2018-06-10,0.0974,1
us_trade,US & Trade Policy,2018-06-21,2018-06-22,2018-06-22,0.1849,2
us_trade,US & Trade Policy,2018-06-26,2018-06-28,2018-06-26,0.2048,3
us_trade,US & Trade Policy,2018-07-06,2018-07-06,2018-07-06,0.1284,1
shipping,Shipping & Chokepoints,2018-07-14,2018-07-15,2018-07-14,0.0981,2
us_trade,US & Trade Policy,2018-07-21,2018-07-22,2018-07-21,0.227,2
shipping,Shipping & Chokepoints,2018-07-22,2018-07-22,2018-07-22,0.0697,1
us_trade,US & Trade Policy,2018-07-26,2018-07-26,2018-07-26,0.1691,1
shipping,Shipping & Chokepoints,2018-07-26,2018-08-04,2018-07-28,0.2688,7
gulf_energy,Gulf & Energy Security,2018-08-07,2018-08-07,2018-08-07,0.5789,1
china_east,China / Eastern Border,2018-08-11,2018-08-15,2018-08-11,0.0251,3
china_east,China / Eastern Border,2018-08-31,2018-08-31,2018-08-31,0.0216,1
china_east,China / Eastern Border,2018-09-09,2018-09-09,2018-09-09,0.0196,1
china_east,China / Eastern Border,2018-09-15,2018-09-15,2018-09-15,0.0227,1
pakistan_west,Pakistan / Western Border,2018-09-21,2018-09-21,2018-09-21,0.0412,1
pakistan_west,Pakistan / Western Border,2018-09-28,2018-09-30,2018-09-29,0.1472,3
china_east,China / Eastern Border,2018-10-20,2018-10-21,2018-10-20,0.0283,2
gulf_energy,Gulf & Energy Security,2018-11-02,2018-11-06,2018-11-05,0.5674,5
us_trade,US & Trade Policy,2018-11-02,2018-11-05,2018-11-05,0.1567,2
china_east,China / Eastern Border,2018-11-11,2018-11-11,2018-11-11,0.027,1
us_trade,US & Trade Policy,2018-11-12,2018-11-14,2018-11-13,0.1387,3
shipping,Shipping & Chokepoints,2018-11-16,2018-11-16,2018-11-16,0.1045,1
china_east,China / Eastern Border,2018-11-24,2018-11-24,2018-11-24,0.0396,1
gulf_energy,Gulf & Energy Security,2018-11-25,2018-11-25,2018-11-25,0.3604,1
us_trade,US & Trade Policy,2018-11-30,2018-12-01,2018-11-30,0.1734,2
pakistan_west,Pakistan / Western Border,2018-12-08,2018-12-08,2018-12-08,0.0719,1
gulf_energy,Gulf & Energy Security,2018-12-08,2018-12-09,2018-12-09,0.3955,2
china_east,China / Eastern Border,2018-12-18,2018-12-25,2018-12-25,0.0846,4
china_east,China / Eastern Border,2018-12-29,2018-12-29,2018-12-29,0.0358,1
shipping,Shipping & Chokepoints,2018-12-30,2018-12-31,2018-12-30,0.1103,2
us_trade,US & Trade Policy,2018-12-31,2018-12-31,2018-12-31,0.1227,1
pakistan_west,Pakistan / Western Border,2019-01-01,2019-01-01,2019-01-01,0.0967,1
china_east,China / Eastern Border,2019-02-09,2019-02-09,2019-02-09,0.1073,1
pakistan_west,Pakistan / Western Border,2019-02-15,2019-03-02,2019-02-27,0.7241,12
china_east,China / Eastern Border,2019-03-10,2019-03-10,2019-03-10,0.0705,1
shipping,Shipping & Chokepoints,2019-04-01,2019-04-01,2019-04-01,0.0701,1
us_trade,US & Trade Policy,2019-04-04,2019-04-04,2019-04-04,0.0854,1
shipping,Shipping & Chokepoints,2019-04-09,2019-04-09,2019-04-09,0.0574,1
china_east,China / Eastern Border,2019-04-11,2019-04-13,2019-04-13,0.0499,2
shipping,Shipping & Chokepoints,2019-04-17,2019-04-17,2019-04-17,0.096,1
gulf_energy,Gulf & Energy Security,2019-04-22,2019-04-24,2019-04-22,0.3738,3
shipping,Shipping & Chokepoints,2019-04-25,2019-04-25,2019-04-25,0.0575,1
gulf_energy,Gulf & Energy Security,2019-04-28,2019-04-28,2019-04-28,0.3195,1
us_trade,US & Trade Policy,2019-04-29,2019-04-29,2019-04-29,0.0637,1
shipping,Shipping & Chokepoints,2019-05-02,2019-05-02,2019-05-02,0.0636,1
gulf_energy,Gulf & Energy Security,2019-05-08,2019-05-08,2019-05-08,0.2862,1
shipping,Shipping & Chokepoints,2019-05-09,2019-05-15,2019-05-13,0.1899,7
us_trade,US & Trade Policy,2019-05-10,2019-05-14,2019-05-14,0.1034,3
gulf_energy,Gulf & Energy Security,2019-05-12,2019-05-18,2019-05-13,0.56,5
us_trade,US & Trade Policy,2019-05-20,2019-05-24,2019-05-23,0.1118,3
china_east,China / Eastern Border,2019-05-23,2019-05-23,2019-05-23,0.054,1
us_trade,US & Trade Policy,2019-05-29,2019-06-06,2019-06-03,0.1892,7
gulf_energy,Gulf & Energy Security,2019-06-13,2019-06-23,2019-06-14,1.5576,10
shipping,Shipping & Chokepoints,2019-06-18,2019-06-18,2019-06-18,0.1806,1
shipping,Shipping & Chokepoints,2019-06-24,2019-06-24,2019-06-24,0.2586,1
us_trade,US & Trade Policy,2019-06-27,2019-06-28,2019-06-28,0.281,2
pakistan_west,Pakistan / Western Border,2019-07-13,2019-07-13,2019-07-13,0.0562,1
china_east,China / Eastern Border,2019-07-13,2019-07-14,2019-07-13,0.0568,2
gulf_energy,Gulf & Energy Security,2019-07-19,2019-07-21,2019-07-20,1.7514,3
shipping,Shipping & Chokepoints,2019-07-20,2019-07-22,2019-07-20,0.2328,3
pakistan_west,Pakistan / Western Border,2019-07-21,2019-07-23,2019-07-23,0.1356,3
pakistan_west,Pakistan / Western Border,2019-08-03,2019-08-08,2019-08-04,0.2661,5
china_east,China / Eastern Border,2019-08-06,2019-08-06,2019-08-06,0.0488,1
us_trade,US & Trade Policy,2019-08-07,2019-08-08,2019-08-07,0.2264,2
pakistan_west,Pakistan / Western Border,2019-08-15,2019-08-18,2019-08-16,0.2039,4
china_east,China / Eastern Border,2019-08-15,2019-08-15,2019-08-15,0.0395,1
us_trade,US & Trade Policy,2019-08-24,2019-08-26,2019-08-26,0.2255,3
shipping,Shipping & Chokepoints,2019-09-18,2019-09-18,2019-09-18,0.1783,1
china_east,China / Eastern Border,2019-10-11,2019-10-12,2019-10-12,0.1011,2
pakistan_west,Pakistan / Western Border,2019-10-20,2019-10-20,2019-10-20,0.2974,1
china_east,China / Eastern Border,2019-10-20,2019-10-20,2019-10-20,0.0432,1
us_trade,US & Trade Policy,2019-11-03,2019-11-04,2019-11-04,0.2413,2
shipping,Shipping & Chokepoints,2019-11-16,2019-11-17,2019-11-16,0.1241,2
china_east,China / Eastern Border,2019-12-14,2019-12-14,2019-12-14,0.0472,1
gulf_energy,Gulf & Energy Security,2019-12-27,2020-01-08,2020-01-08,1.2544,9
shipping,Shipping & Chokepoints,2019-12-29,2019-12-29,2019-12-29,0.0918,1
shipping,Shipping & Chokepoints,2020-01-05,2020-01-05,2020-01-05,0.0868,1
us_trade,US & Trade Policy,2020-02-19,2020-02-25,2020-02-25,0.2518,5
china_east,China / Eastern Border,2020-02-20,2020-02-20,2020-02-20,0.0358,1
china_east,China / Eastern Border,2020-04-05,2020-04-05,2020-04-05,0.0247,1
pakistan_west,Pakistan / Western Border,2020-04-12,2020-04-12,2020-04-12,0.0555,1
china_east,China / Eastern Border,2020-04-12,2020-04-13,2020-04-12,0.037,2
shipping,Shipping & Chokepoints,2020-04-13,2020-04-19,2020-04-19,0.0736,3
china_east,China / Eastern Border,2020-04-18,2020-04-18,2020-04-18,0.0302,1
gulf_energy,Gulf & Energy Security,2020-04-18,2020-04-19,2020-04-19,0.2689,2
pakistan_west,Pakistan / Western Border,2020-05-10,2020-05-10,2020-05-10,0.054,1
china_east,China / Eastern Border,2020-05-10,2020-05-12,2020-05-10,0.0769,3
gulf_energy,Gulf & Energy Security,2020-05-11,2020-05-11,2020-05-11,0.3925,1
shipping,Shipping & Chokepoints,2020-05-17,2020-05-17,2020-05-17,0.082,1
pakistan_west,Pakistan / Western Border,2020-05-21,2020-06-02,2020-05-27,0.103,11
china_east,China / Eastern Border,2020-05-23,2020-06-07,2020-06-06,0.1152,13
us_trade,US & Trade Policy,2020-06-03,2020-06-03,2020-06-03,0.0536,1
pakistan_west,Pakistan / Western Border,2020-06-06,2020-06-07,2020-06-06,0.0988,2
pakistan_west,Pakistan / Western Border,2020-06-14,2020-06-21,2020-06-17,0.3403,7
china_east,China / Eastern Border,2020-06-16,2020-06-21,2020-06-17,0.4838,6
us_trade,US & Trade Policy,2020-06-23,2020-06-25,2020-06-25,0.069,2
shipping,Shipping & Chokepoints,2020-07-05,2020-07-05,2020-07-05,0.0631,1
us_trade,US & Trade Policy,2020-07-07,2020-07-07,2020-07-07,0.0676,1
shipping,Shipping & Chokepoints,2020-07-15,2020-07-15,2020-07-15,0.0525,1
us_trade,US & Trade Policy,2020-07-27,2020-07-27,2020-07-27,0.0628,1
shipping,Shipping & Chokepoints,2020-08-06,2020-08-08,2020-08-08,0.1171,3
gulf_energy,Gulf & Energy Security,2020-08-13,2020-08-16,2020-08-15,0.3078,4
us_trade,US & Trade Policy,2020-08-29,2020-08-31,2020-08-29,0.1371,2
shipping,Shipping & Chokepoints,2020-09-02,2020-09-02,2020-09-02,0.0616,1
us_trade,US & Trade Policy,2020-09-05,2020-09-05,2020-09-05,0.2811,1
shipping,Shipping & Chokepoints,2020-09-06,2020-09-06,2020-09-06,0.079,1
pakistan_west,Pakistan / Western Border,2020-09-08,2020-09-08,2020-09-08,0.2607,1
china_east,China / Eastern Border,2020-09-08,2020-09-08,2020-09-08,0.3073,1
us_trade,US & Trade Policy,2020-09-17,2020-09-17,2020-09-17,0.1114,1
shipping,Shipping & Chokepoints,2020-09-18,2020-09-18,2020-09-18,0.0642,1
gulf_energy,Gulf & Energy Security,2020-09-20,2020-09-21,2020-09-20,0.34,2
shipping,Shipping & Chokepoints,2020-10-06,2020-10-08,2020-10-06,0.0686,2
us_trade,US & Trade Policy,2020-10-12,2020-10-12,2020-10-12,0.1083,1
shipping,Shipping & Chokepoints,2020-10-22,2020-10-22,2020-10-22,0.0696,1
china_east,China / Eastern Border,2020-10-25,2020-10-25,2020-10-25,0.1857,1
shipping,Shipping & Chokepoints,2020-10-29,2020-10-29,2020-10-29,0.1112,1
pakistan_west,Pakistan / Western Border,2020-11-14,2020-11-14,2020-11-14,0.2018,1
us_trade,US & Trade Policy,2020-11-15,2020-11-15,2020-11-15,0.5357,1
shipping,Shipping & Chokepoints,2020-11-25,2020-11-28,2020-11-25,0.0738,2
gulf_energy,Gulf & Energy Security,2020-11-28,2020-11-30,2020-11-28,0.3459,3
pakistan_west,Pakistan / Western Border,2020-12-19,2020-12-19,2020-12-19,0.1113,1
gulf_energy,Gulf & Energy Security,2020-12-21,2020-12-27,2020-12-27,0.2825,4
gulf_energy,Gulf & Energy Security,2021-01-04,2021-01-05,2021-01-05,0.3146,2
shipping,Shipping & Chokepoints,2021-01-04,2021-01-04,2021-01-04,0.1244,1
shipping,Shipping & Chokepoints,2021-01-23,2021-01-24,2021-01-24,0.1329,2
pakistan_west,Pakistan / Western Border,2021-01-25,2021-01-25,2021-01-25,0.1252,1
china_east,China / Eastern Border,2021-01-25,2021-01-25,2021-01-25,0.1362,1
pakistan_west,Pakistan / Western Border,2021-02-11,2021-02-11,2021-02-11,0.0898,1
china_east,China / Eastern Border,2021-02-11,2021-02-13,2021-02-11,0.1243,3
shipping,Shipping & Chokepoints,2021-02-16,2021-02-16,2021-02-16,0.0772,1
pakistan_west,Pakistan / Western Border,2021-02-19,2021-02-21,2021-02-21,0.0806,3
china_east,China / Eastern Border,2021-02-19,2021-02-21,2021-02-21,0.1396,3
pakistan_west,Pakistan / Western Border,2021-02-25,2021-02-27,2021-02-27,0.1008,3
shipping,Shipping & Chokepoints,2021-02-26,2021-02-26,2021-02-26,0.1072,1
gulf_energy,Gulf & Energy Security,2021-02-28,2021-03-01,2021-03-01,0.2891,2
shipping,Shipping & Chokepoints,2021-03-07,2021-03-07,2021-03-07,0.0814,1
us_trade,US & Trade Policy,2021-03-24,2021-03-26,2021-03-25,0.0614,3
shipping,Shipping & Chokepoints,2021-03-24,2021-03-30,2021-03-29,1.9903,7
gulf_energy,Gulf & Energy Security,2021-04-11,2021-04-12,2021-04-11,0.5571,2
us_trade,US & Trade Policy,2021-04-17,2021-04-17,2021-04-17,0.0842,1
gulf_energy,Gulf & Energy Security,2021-04-22,2021-04-22,2021-04-22,0.2722,1
us_trade,US & Trade Policy,2021-05-07,2021-05-08,2021-05-07,0.0546,2
us_trade,US & Trade Policy,2021-05-16,2021-05-16,2021-05-16,0.0783,1
gulf_energy,Gulf & Energy Security,2021-05-19,2021-05-20,2021-05-20,0.3366,2
gulf_energy,Gulf & Energy Security,2021-06-02,2021-06-02,2021-06-02,0.3383,1
pakistan_west,Pakistan / Western Border,2021-06-12,2021-06-12,2021-06-12,0.0401,1
us_trade,US & Trade Policy,2021-06-12,2021-06-12,2021-06-12,0.0983,1
pakistan_west,Pakistan / Western Border,2021-06-20,2021-06-20,2021-06-20,0.0355,1
gulf_energy,Gulf & Energy Security,2021-06-20,2021-06-20,2021-06-20,0.3464,1
pakistan_west,Pakistan / Western Border,2021-06-24,2021-06-26,2021-06-26,0.0362,3
china_east,China / Eastern Border,2021-06-27,2021-06-28,2021-06-28,0.0554,2
pakistan_west,Pakistan / Western Border,2021-07-02,2021-07-02,2021-07-02,0.0374,1
shipping,Shipping & Chokepoints,2021-07-07,2021-07-07,2021-07-07,0.1993,1
pakistan_west,Pakistan / Western Border,2021-07-14,2021-07-14,2021-07-14,0.0448,1
china_east,China / Eastern Border,2021-07-14,2021-07-14,2021-07-14,0.0594,1
pakistan_west,Pakistan / Western Border,2021-07-18,2021-07-18,2021-07-18,0.0388,1
gulf_energy,Gulf & Energy Security,2021-07-21,2021-07-22,2021-07-22,0.4282,2
us_trade,US & Trade Policy,2021-07-22,2021-07-22,2021-07-22,0.0538,1
pakistan_west,Pakistan / Western Border,2021-07-25,2021-07-26,2021-07-26,0.0541,2
shipping,Shipping & Chokepoints,2021-07-30,2021-08-01,2021-08-01,0.2738,3
pakistan_west,Pakistan / Western Border,2021-07-31,2021-07-31,2021-07-31,0.0757,1
china_east,China / Eastern Border,2021-07-31,2021-07-31,2021-07-31,0.0797,1
gulf_energy,Gulf & Energy Security,2021-07-31,2021-08-04,2021-08-01,0.3705,4
shipping,Shipping & Chokepoints,2021-08-05,2021-08-05,2021-08-05,0.1528,1
shipping,Shipping & Chokepoints,2021-08-09,2021-08-09,2021-08-09,0.1529,1
pakistan_west,Pakistan / Western Border,2021-08-14,2021-08-14,2021-08-14,0.0821,1
gulf_energy,Gulf & Energy Security,2021-08-28,2021-08-28,2021-08-28,0.3181,1
us_trade,US & Trade Policy,2021-09-15,2021-09-15,2021-09-15,0.0408,1
china_east,China / Eastern Border,2021-09-17,2021-09-17,2021-09-17,0.0518,1
us_trade,US & Trade Policy,2021-09-20,2021-09-23,2021-09-20,0.0818,3
pakistan_west,Pakistan / Western Border,2021-09-24,2021-09-25,2021-09-25,0.1104,2
china_east,China / Eastern Border,2021-10-02,2021-10-02,2021-10-02,0.0475,1
pakistan_west,Pakistan / Western Border,2021-10-03,2021-10-03,2021-10-03,0.0587,1
china_east,China / Eastern Border,2021-10-09,2021-10-11,2021-10-11,0.0916,3
pakistan_west,Pakistan / Western Border,2021-10-10,2021-10-11,2021-10-11,0.094,2
pakistan_west,Pakistan / Western Border,2021-10-17,2021-10-17,2021-10-17,0.0749,1
gulf_energy,Gulf & Energy Security,2021-10-22,2021-10-22,2021-10-22,0.2903,1
china_east,China / Eastern Border,2021-10-24,2021-10-24,2021-10-24,0.059,1
gulf_energy,Gulf & Energy Security,2021-10-31,2021-10-31,2021-10-31,0.3574,1
us_trade,US & Trade Policy,2021-11-04,2021-11-06,2021-11-06,0.0435,2
shipping,Shipping & Chokepoints,2021-11-05,2021-11-05,2021-11-05,0.1019,1
china_east,China / Eastern Border,2021-11-07,2021-11-07,2021-11-07,0.0541,1
gulf_energy,Gulf & Energy Security,2021-11-07,2021-11-07,2021-11-07,0.2897,1
us_trade,US & Trade Policy,2021-11-14,2021-11-14,2021-11-14,0.0427,1
china_east,China / Eastern Border,2021-12-06,2021-12-08,2021-12-06,0.0704,2
us_trade,US & Trade Policy,2021-12-06,2021-12-06,2021-12-06,0.0542,1
shipping,Shipping & Chokepoints,2021-12-07,2021-12-07,2021-12-07,0.1309,1
gulf_energy,Gulf & Energy Security,2021-12-10,2021-12-12,2021-12-12,0.2899,2
shipping,Shipping & Chokepoints,2021-12-29,2021-12-29,2021-12-29,0.0925,1
china_east,China / Eastern Border,2021-12-31,2021-12-31,2021-12-31,0.0809,1
us_trade,US & Trade Policy,2021-12-31,2022-01-01,2021-12-31,0.0708,2
pakistan_west,Pakistan / Western Border,2022-01-01,2022-01-01,2022-01-01,0.0562,1
shipping,Shipping & Chokepoints,2022-01-02,2022-01-03,2022-01-03,0.116,2
us_trade,US & Trade Policy,2022-01-13,2022-01-13,2022-01-13,0.042,1
china_east,China / Eastern Border,2022-01-15,2022-01-15,2022-01-15,0.0653,1
shipping,Shipping & Chokepoints,2022-01-17,2022-01-17,2022-01-17,0.0972,1
us_trade,US & Trade Policy,2022-01-20,2022-01-20,2022-01-20,0.0504,1
shipping,Shipping & Chokepoints,2022-01-26,2022-01-26,2022-01-26,0.1786,1
gulf_energy,Gulf & Energy Security,2022-01-28,2022-01-28,2022-01-28,0.3011,1
pakistan_west,Pakistan / Western Border,2022-02-03,2022-02-05,2022-02-05,0.0424,3
china_east,China / Eastern Border,2022-02-04,2022-02-04,2022-02-04,0.0607,1
shipping,Shipping & Chokepoints,2022-02-11,2022-02-11,2022-02-11,0.1077,1
pakistan_west,Pakistan / Western Border,2022-02-12,2022-02-12,2022-02-12,0.0637,1
china_east,China / Eastern Border,2022-02-12,2022-02-12,2022-02-12,0.0561,1
us_trade,US & Trade Policy,2022-02-19,2022-02-19,2022-02-19,0.0445,1
gulf_energy,Gulf & Energy Security,2022-02-22,2022-02-22,2022-02-22,0.2849,1
us_trade,US & Trade Policy,2022-02-24,2022-03-03,2022-02-28,0.1914,7
gulf_energy,Gulf & Energy Security,2022-03-01,2022-03-10,2022-03-08,0.493,8
us_trade,US & Trade Policy,2022-03-08,2022-03-09,2022-03-08,0.2727,2
shipping,Shipping & Chokepoints,2022-03-12,2022-03-15,2022-03-12,0.1153,2
gulf_energy,Gulf & Energy Security,2022-03-16,2022-03-16,2022-03-16,0.363,1
us_trade,US & Trade Policy,2022-03-18,2022-03-18,2022-03-18,0.1394,1
shipping,Shipping & Chokepoints,2022-03-20,2022-03-21,2022-03-21,0.1774,2
gulf_energy,Gulf & Energy Security,2022-03-23,2022-03-25,2022-03-23,0.4189,3
pakistan_west,Pakistan / Western Border,2022-03-25,2022-03-25,2022-03-25,0.0546,1
china_east,China / Eastern Border,2022-03-25,2022-03-25,2022-03-25,0.0977,1
us_trade,US & Trade Policy,2022-03-31,2022-04-02,2022-03-31,0.1766,3
gulf_energy,Gulf & Energy Security,2022-04-07,2022-04-07,2022-04-07,0.4588,1
us_trade,US & Trade Policy,2022-04-10,2022-04-11,2022-04-11,0.1858,2
shipping,Shipping & Chokepoints,2022-04-17,2022-04-17,2022-04-17,0.1189,1
us_trade,US & Trade Policy,2022-04-22,2022-04-22,2022-04-22,0.2738,1
china_east,China / Eastern Border,2022-04-30,2022-04-30,2022-04-30,0.0855,1
us_trade,US & Trade Policy,2022-05-02,2022-05-02,2022-05-02,0.1988,1
gulf_energy,Gulf & Energy Security,2022-05-10,2022-05-10,2022-05-10,0.4412,1
gulf_energy,Gulf & Energy Security,2022-05-24,2022-05-24,2022-05-24,0.4496,1
shipping,Shipping & Chokepoints,2022-05-29,2022-05-29,2022-05-29,0.1223,1
pakistan_west,Pakistan / Western Border,2022-06-23,2022-06-23,2022-06-23,0.0324,1
us_trade,US & Trade Policy,2022-06-26,2022-06-27,2022-06-27,0.2752,2
gulf_energy,Gulf & Energy Security,2022-07-06,2022-07-06,2022-07-06,0.8466,1
pakistan_west,Pakistan / Western Border,2022-07-07,2022-07-07,2022-07-07,0.0323,1
china_east,China / Eastern Border,2022-07-07,2022-07-07,2022-07-07,0.0492,1
pakistan_west,Pakistan / Western Border,2022-07-16,2022-07-17,2022-07-17,0.0446,2
gulf_energy,Gulf & Energy Security,2022-07-16,2022-07-16,2022-07-16,0.7812,1
china_east,China / Eastern Border,2022-07-17,2022-07-17,2022-07-17,0.0589,1
shipping,Shipping & Chokepoints,2022-07-17,2022-07-17,2022-07-17,0.1527,1
pakistan_west,Pakistan / Western Border,2022-07-24,2022-07-26,2022-07-26,0.0605,2
gulf_energy,Gulf & Energy Security,2022-07-28,2022-07-28,2022-07-28,0.5782,1
shipping,Shipping & Chokepoints,2022-07-30,2022-07-30,2022-07-30,0.1284,1
pakistan_west,Pakistan / Western Border,2022-08-06,2022-08-06,2022-08-06,0.0401,1
china_east,China / Eastern Border,2022-08-07,2022-08-07,2022-08-07,0.0635,1
shipping,Shipping & Chokepoints,2022-08-10,2022-08-10,2022-08-10,0.1142,1
pakistan_west,Pakistan / Western Border,2022-08-13,2022-08-14,2022-08-13,0.0493,2
shipping,Shipping & Chokepoints,2022-08-14,2022-08-15,2022-08-14,0.1652,2
pakistan_west,Pakistan / Western Border,2022-08-21,2022-08-21,2022-08-21,0.0711,1
china_east,China / Eastern Border,2022-08-27,2022-08-27,2022-08-27,0.0512,1
us_trade,US & Trade Policy,2022-09-02,2022-09-02,2022-09-02,0.1562,1
china_east,China / Eastern Border,2022-09-09,2022-09-09,2022-09-09,0.0629,1
pakistan_west,Pakistan / Western Border,2022-09-10,2022-09-10,2022-09-10,0.0621,1
pakistan_west,Pakistan / Western Border,2022-09-14,2022-09-15,2022-09-15,0.0555,2
china_east,China / Eastern Border,2022-09-14,2022-09-14,2022-09-14,0.0633,1
gulf_energy,Gulf & Energy Security,2022-09-22,2022-09-22,2022-09-22,0.5673,1
pakistan_west,Pakistan / Western Border,2022-09-24,2022-09-25,2022-09-25,0.0678,2
gulf_energy,Gulf & Energy Security,2022-09-28,2022-09-28,2022-09-28,0.582,1
china_east,China / Eastern Border,2022-10-08,2022-10-08,2022-10-08,0.0544,1
us_trade,US & Trade Policy,2022-10-16,2022-10-16,2022-10-16,0.1388,1
pakistan_west,Pakistan / Western Border,2022-10-27,2022-10-27,2022-10-27,0.0529,1
gulf_energy,Gulf & Energy Security,2022-10-27,2022-10-27,2022-10-27,0.4667,1
us_trade,US & Trade Policy,2022-10-29,2022-10-29,2022-10-29,0.1476,1
shipping,Shipping & Chokepoints,2022-10-29,2022-10-31,2022-10-30,0.1339,3
shipping,Shipping & Chokepoints,2022-11-05,2022-11-05,2022-11-05,0.1196,1
us_trade,US & Trade Policy,2022-11-12,2022-11-12,2022-11-12,0.1284,1
shipping,Shipping & Chokepoints,2022-11-12,2022-11-13,2022-11-12,0.205,2
gulf_energy,Gulf & Energy Security,2022-11-15,2022-11-16,2022-11-15,0.8523,2
china_east,China / Eastern Border,2022-11-19,2022-11-19,2022-11-19,0.053,1
pakistan_west,Pakistan / Western Border,2022-11-24,2022-11-26,2022-11-24,0.1151,2
us_trade,US & Trade Policy,2022-12-02,2022-12-05,2022-12-05,0.3646,4
china_east,China / Eastern Border,2022-12-12,2022-12-18,2022-12-13,0.2768,6
pakistan_west,Pakistan / Western Border,2022-12-13,2022-12-17,2022-12-13,0.1945,4
china_east,China / Eastern Border,2022-12-25,2022-12-25,2022-12-25,0.1295,1
us_trade,US & Trade Policy,2023-01-08,2023-01-14,2023-01-10,0.3084,7
shipping,Shipping & Chokepoints,2023-01-09,2023-01-09,2023-01-09,0.2243,1
us_trade,US & Trade Policy,2023-01-22,2023-01-29,2023-01-23,0.3275,6
gulf_energy,Gulf & Energy Security,2023-01-29,2023-01-29,2023-01-29,0.5711,1
us_trade,US & Trade Policy,2023-02-03,2023-02-06,2023-02-05,0.4933,3
pakistan_west,Pakistan / Western Border,2023-02-05,2023-02-05,2023-02-05,0.2461,1
gulf_energy,Gulf & Energy Security,2023-03-02,2023-03-02,2023-03-02,0.6254,1
china_east,China / Eastern Border,2023-04-04,2023-04-04,2023-04-04,0.0915,1
shipping,Shipping & Chokepoints,2023-04-08,2023-04-10,2023-04-08,0.1847,3
china_east,China / Eastern Border,2023-04-10,2023-04-11,2023-04-11,0.065,2
gulf_energy,Gulf & Energy Security,2023-04-16,2023-04-16,2023-04-16,0.7645,1
china_east,China / Eastern Border,2023-04-23,2023-04-23,2023-04-23,0.0552,1
shipping,Shipping & Chokepoints,2023-04-27,2023-04-27,2023-04-27,0.1037,1
china_east,China / Eastern Border,2023-05-04,2023-05-05,2023-05-05,0.0637,2
pakistan_west,Pakistan / Western Border,2023-05-05,2023-05-05,2023-05-05,0.0872,1
shipping,Shipping & Chokepoints,2023-05-14,2023-05-20,2023-05-20,0.1489,3
shipping,Shipping & Chokepoints,2023-05-25,2023-05-25,2023-05-25,0.1273,1
shipping,Shipping & Chokepoints,2023-06-04,2023-06-04,2023-06-04,0.1435,1
shipping,Shipping & Chokepoints,2023-06-18,2023-06-18,2023-06-18,0.1322,1
pakistan_west,Pakistan / Western Border,2023-06-24,2023-06-24,2023-06-24,0.0611,1
pakistan_west,Pakistan / Western Border,2023-07-04,2023-07-04,2023-07-04,0.0564,1
china_east,China / Eastern Border,2023-07-27,2023-07-28,2023-07-27,0.0445,2
shipping,Shipping & Chokepoints,2023-07-30,2023-07-30,2023-07-30,0.1132,1
gulf_energy,Gulf & Energy Security,2023-07-31,2023-07-31,2023-07-31,0.4327,1
shipping,Shipping & Chokepoints,2023-08-06,2023-08-06,2023-08-06,0.1651,1
china_east,China / Eastern Border,2023-08-07,2023-08-07,2023-08-07,0.0393,1
china_east,China / Eastern Border,2023-08-12,2023-08-13,2023-08-13,0.0531,2
shipping,Shipping & Chokepoints,2023-08-12,2023-08-12,2023-08-12,0.132,1
china_east,China / Eastern Border,2023-08-20,2023-08-20,2023-08-20,0.0412,1
us_trade,US & Trade Policy,2023-08-23,2023-08-23,2023-08-23,0.0888,1
china_east,China / Eastern Border,2023-08-24,2023-08-25,2023-08-25,0.0937,2
pakistan_west,Pakistan / Western Border,2023-08-25,2023-08-25,2023-08-25,0.0774,1
china_east,China / Eastern Border,2023-08-29,2023-09-04,2023-08-30,0.1376,5
pakistan_west,Pakistan / Western Border,2023-08-30,2023-08-30,2023-08-30,0.0582,1
pakistan_west,Pakistan / Western Border,2023-09-04,2023-09-04,2023-09-04,0.0545,1
us_trade,US & Trade Policy,2023-09-08,2023-09-10,2023-09-09,0.252,3
gulf_energy,Gulf & Energy Security,2023-09-09,2023-09-10,2023-09-09,0.5632,2
shipping,Shipping & Chokepoints,2023-09-24,2023-09-26,2023-09-24,0.1841,2
shipping,Shipping & Chokepoints,2023-10-02,2023-10-02,2023-10-02,0.1606,1
gulf_energy,Gulf & Energy Security,2023-10-07,2023-10-18,2023-10-09,0.7297,10
pakistan_west,Pakistan / Western Border,2023-10-13,2023-10-13,2023-10-13,0.0511,1
gulf_energy,Gulf & Energy Security,2023-10-22,2023-10-24,2023-10-24,0.6434,3
shipping,Shipping & Chokepoints,2023-11-06,2023-11-06,2023-11-06,0.1257,1
pakistan_west,Pakistan / Western Border,2023-11-12,2023-11-12,2023-11-12,0.0474,1
shipping,Shipping & Chokepoints,2023-11-19,2023-11-20,2023-11-20,0.1567,2
shipping,Shipping & Chokepoints,2023-11-26,2023-11-27,2023-11-27,0.1649,2
shipping,Shipping & Chokepoints,2023-12-03,2023-12-04,2023-12-03,0.344,2
shipping,Shipping & Chokepoints,2023-12-15,2023-12-26,2023-12-19,0.7042,11
pakistan_west,Pakistan / Western Border,2023-12-23,2023-12-23,2023-12-23,0.0805,1
us_trade,US & Trade Policy,2023-12-26,2023-12-27,2023-12-27,0.0865,2
china_east,China / Eastern Border,2023-12-31,2023-12-31,2023-12-31,0.0332,1
shipping,Shipping & Chokepoints,2023-12-31,2024-01-01,2023-12-31,0.4914,2
china_east,China / Eastern Border,2024-01-04,2024-01-04,2024-01-04,0.0309,1
china_east,China / Eastern Border,2024-01-11,2024-01-13,2024-01-13,0.032,2
shipping,Shipping & Chokepoints,2024-01-12,2024-01-15,2024-01-12,1.5547,3
pakistan_west,Pakistan / Western Border,2024-01-13,2024-01-13,2024-01-13,0.0414,1
china_east,China / Eastern Border,2024-01-20,2024-01-21,2024-01-21,0.0386,2
china_east,China / Eastern Border,2024-01-26,2024-01-28,2024-01-26,0.0365,2
shipping,Shipping & Chokepoints,2024-02-04,2024-02-04,2024-02-04,0.7259,1
us_trade,US & Trade Policy,2024-02-20,2024-02-23,2024-02-23,0.1512,2
china_east,China / Eastern Border,2024-02-21,2024-02-21,2024-02-21,0.0344,1
china_east,China / Eastern Border,2024-03-09,2024-03-12,2024-03-09,0.087,2
china_east,China / Eastern Border,2024-03-16,2024-03-17,2024-03-16,0.0999,2
pakistan_west,Pakistan / Western Border,2024-03-21,2024-03-24,2024-03-24,0.0437,2
china_east,China / Eastern Border,2024-03-21,2024-03-21,2024-03-21,0.055,1
china_east,China / Eastern Border,2024-03-28,2024-03-28,2024-03-28,0.0536,1
gulf_energy,Gulf & Energy Security,2024-04-01,2024-04-02,2024-04-02,0.5003,2
gulf_energy,Gulf & Energy Security,2024-04-11,2024-04-15,2024-04-14,7.5813,5
pakistan_west,Pakistan / Western Border,2024-04-13,2024-04-13,2024-04-13,0.0358,1
china_east,China / Eastern Border,2024-04-19,2024-04-19,2024-04-19,0.0953,1
gulf_energy,Gulf & Energy Security,2024-04-19,2024-04-19,2024-04-19,2.5507,1
pakistan_west,Pakistan / Western Border,2024-05-05,2024-05-05,2024-05-05,0.0412,1
pakistan_west,Pakistan / Western Border,2024-05-12,2024-05-15,2024-05-12,0.039,3
pakistan_west,Pakistan / Western Border,2024-05-19,2024-05-19,2024-05-19,0.0343,1
us_trade,US & Trade Policy,2024-05-26,2024-05-26,2024-05-26,0.0468,1
china_east,China / Eastern Border,2024-06-01,2024-06-02,2024-06-01,0.1093,2
pakistan_west,Pakistan / Western Border,2024-06-11,2024-06-11,2024-06-11,0.0348,1
china_east,China / Eastern Border,2024-06-29,2024-06-29,2024-06-29,0.0584,1
pakistan_west,Pakistan / Western Border,2024-07-04,2024-07-04,2024-07-04,0.0383,1
us_trade,US & Trade Policy,2024-07-04,2024-07-04,2024-07-04,0.0393,1
us_trade,US & Trade Policy,2024-07-08,2024-07-10,2024-07-09,0.1512,3
shipping,Shipping & Chokepoints,2024-07-20,2024-07-21,2024-07-20,0.2964,2
pakistan_west,Pakistan / Western Border,2024-07-25,2024-07-26,2024-07-26,0.0434,2
gulf_energy,Gulf & Energy Security,2024-07-31,2024-08-06,2024-08-05,1.0537,7
gulf_energy,Gulf & Energy Security,2024-08-13,2024-08-13,2024-08-13,0.7188,1
us_trade,US & Trade Policy,2024-08-23,2024-08-23,2024-08-23,0.0767,1
pakistan_west,Pakistan / Western Border,2024-09-08,2024-09-08,2024-09-08,0.0291,1
shipping,Shipping & Chokepoints,2024-09-21,2024-09-21,2024-09-21,0.147,1
pakistan_west,Pakistan / Western Border,2024-09-22,2024-09-22,2024-09-22,0.0315,1
pakistan_west,Pakistan / Western Border,2024-09-28,2024-09-28,2024-09-28,0.0653,1
gulf_energy,Gulf & Energy Security,2024-09-28,2024-10-06,2024-10-02,3.2339,7
pakistan_west,Pakistan / Western Border,2024-10-05,2024-10-05,2024-10-05,0.043,1
china_east,China / Eastern Border,2024-10-12,2024-10-12,2024-10-12,0.0329,1
pakistan_west,Pakistan / Western Border,2024-10-21,2024-10-23,2024-10-22,0.0666,3
china_east,China / Eastern Border,2024-10-21,2024-10-30,2024-10-22,0.0823,8
us_trade,US & Trade Policy,2024-10-22,2024-10-25,2024-10-25,0.0524,2
gulf_energy,Gulf & Energy Security,2024-10-26,2024-10-26,2024-10-26,2.8348,1
pakistan_west,Pakistan / Western Border,2024-10-27,2024-10-27,2024-10-27,0.0777,1
us_trade,US & Trade Policy,2024-11-06,2024-11-08,2024-11-07,0.058,3
us_trade,US & Trade Policy,2024-11-12,2024-11-12,2024-11-12,0.0536,1
us_trade,US & Trade Policy,2024-11-19,2024-11-19,2024-11-19,0.0715,1
shipping,Shipping & Chokepoints,2024-11-23,2024-11-23,2024-11-23,0.1286,1
china_east,China / Eastern Border,2024-12-08,2024-12-08,2024-12-08,0.0558,1
us_trade,US & Trade Policy,2024-12-16,2024-12-16,2024-12-16,0.0571,1
shipping,Shipping & Chokepoints,2024-12-24,2024-12-26,2024-12-26,0.1913,2
china_east,China / Eastern Border,2024-12-26,2024-12-26,2024-12-26,0.0582,1
us_trade,US & Trade Policy,2024-12-28,2024-12-28,2024-12-28,0.0579,1
shipping,Shipping & Chokepoints,2024-12-30,2025-01-01,2025-01-01,0.1728,2
us_trade,US & Trade Policy,2025-01-10,2025-01-14,2025-01-13,0.1451,4
shipping,Shipping & Chokepoints,2025-01-16,2025-01-16,2025-01-16,0.1387,1
us_trade,US & Trade Policy,2025-01-22,2025-01-22,2025-01-22,0.0862,1
pakistan_west,Pakistan / Western Border,2025-01-26,2025-01-26,2025-01-26,0.0254,1
shipping,Shipping & Chokepoints,2025-02-02,2025-02-02,2025-02-02,0.1323,1
us_trade,US & Trade Policy,2025-02-03,2025-02-04,2025-02-03,0.0994,2
gulf_energy,Gulf & Energy Security,2025-02-05,2025-02-05,2025-02-05,0.4281,1
us_trade,US & Trade Policy,2025-02-10,2025-02-14,2025-02-14,0.2793,5
pakistan_west,Pakistan / Western Border,2025-02-13,2025-02-14,2025-02-13,0.0295,2
us_trade,US & Trade Policy,2025-03-04,2025-03-06,2025-03-05,0.234,3
china_east,China / Eastern Border,2025-03-14,2025-03-14,2025-03-14,0.0857,1
shipping,Shipping & Chokepoints,2025-03-15,2025-03-16,2025-03-16,0.6909,2
gulf_energy,Gulf & Energy Security,2025-03-23,2025-03-23,2025-03-23,0.3886,1
pakistan_west,Pakistan / Western Border,2025-03-25,2025-03-25,2025-03-25,0.0269,1
us_trade,US & Trade Policy,2025-03-31,2025-04-05,2025-04-03,0.8826,6
pakistan_west,Pakistan / Western Border,2025-04-07,2025-04-07,2025-04-07,0.0277,1
us_trade,US & Trade Policy,2025-04-09,2025-04-10,2025-04-09,0.6323,2
pakistan_west,Pakistan / Western Border,2025-04-12,2025-04-12,2025-04-12,0.0448,1
pakistan_west,Pakistan / Western Border,2025-04-23,2025-05-11,2025-05-10,1.1727,15
gulf_energy,Gulf & Energy Security,2025-04-26,2025-04-27,2025-04-26,0.5832,2
china_east,China / Eastern Border,2025-04-28,2025-04-28,2025-04-28,0.0418,1
china_east,China / Eastern Border,2025-05-14,2025-05-14,2025-05-14,0.0496,1
gulf_energy,Gulf & Energy Security,2025-05-21,2025-05-21,2025-05-21,0.3667,1
china_east,China / Eastern Border,2025-05-31,2025-06-02,2025-06-01,0.0605,3
gulf_energy,Gulf & Energy Security,2025-06-12,2025-06-14,2025-06-14,6.4419,3
shipping,Shipping & Chokepoints,2025-07-06,2025-07-07,2025-07-06,0.1798,2
china_east,China / Eastern Border,2025-07-12,2025-07-15,2025-07-12,0.0751,4
us_trade,US & Trade Policy,2025-07-15,2025-07-18,2025-07-15,0.3245,2
us_trade,US & Trade Policy,2025-07-24,2025-07-24,2025-07-24,0.2923,1
us_trade,US & Trade Policy,2025-07-29,2025-08-08,2025-08-07,1.3355,11
china_east,China / Eastern Border,2025-08-19,2025-08-19,2025-08-19,0.0939,1
shipping,Shipping & Chokepoints,2025-08-24,2025-08-24,2025-08-24,0.1339,1
china_east,China / Eastern Border,2025-08-30,2025-08-31,2025-08-31,0.3259,2
shipping,Shipping & Chokepoints,2025-08-30,2025-08-30,2025-08-30,0.1698,1
shipping,Shipping & Chokepoints,2025-09-07,2025-09-07,2025-09-07,0.1442,1
shipping,Shipping & Chokepoints,2025-10-26,2025-10-26,2025-10-26,0.1094,1
pakistan_west,Pakistan / Western Border,2025-12-06,2025-12-06,2025-12-06,0.2024,1
china_east,China / Eastern Border,2025-12-08,2025-12-08,2025-12-08,0.0447,1
gulf_energy,Gulf & Energy Security,2025-12-22,2025-12-22,2025-12-22,0.5271,1
china_east,China / Eastern Border,2025-12-24,2025-12-25,2025-12-25,0.0584,2
shipping,Shipping & Chokepoints,2025-12-27,2025-12-27,2025-12-27,0.1048,1
pakistan_west,Pakistan / Western Border,2025-12-31,2025-12-31,2025-12-31,0.0854,1
china_east,China / Eastern Border,2025-12-31,2025-12-31,2025-12-31,0.0472,1
gulf_energy,Gulf & Energy Security,2026-01-11,2026-01-14,2026-01-14,0.5305,3
shipping,Shipping & Chokepoints,2026-01-16,2026-01-16,2026-01-16,0.1055,1
shipping,Shipping & Chokepoints,2026-01-20,2026-01-21,2026-01-21,0.1335,2
us_trade,US & Trade Policy,2026-01-27,2026-01-27,2026-01-27,0.3711,1
gulf_energy,Gulf & Energy Security,2026-01-31,2026-02-04,2026-02-01,0.6611,3
china_east,China / Eastern Border,2026-02-01,2026-02-04,2026-02-01,0.0532,2
us_trade,US & Trade Policy,2026-02-02,2026-02-07,2026-02-03,1.0931,4
gulf_energy,Gulf & Energy Security,2026-02-08,2026-02-08,2026-02-08,0.5497,1
shipping,Shipping & Chokepoints,2026-02-08,2026-02-08,2026-02-08,0.1272,1
gulf_energy,Gulf & Energy Security,2026-02-17,2026-02-19,2026-02-17,0.6998,2
shipping,Shipping & Chokepoints,2026-02-17,2026-02-17,2026-02-17,0.1029,1
shipping,Shipping & Chokepoints,2026-02-25,2026-03-05,2026-02-28,0.9236,5
gulf_energy,Gulf & Energy Security,2026-02-28,2026-03-10,2026-02-28,9.7486,9
us_trade,US & Trade Policy,2026-03-06,2026-03-06,2026-03-06,0.4931,1
shipping,Shipping & Chokepoints,2026-03-12,2026-03-12,2026-03-12,0.3287,1
shipping,Shipping & Chokepoints,2026-03-29,2026-03-29,2026-03-29,0.8677,1
china_east,China / Eastern Border,2026-04-12,2026-04-12,2026-04-12,0.0384,1
pakistan_west,Pakistan / Western Border,2026-04-22,2026-04-25,2026-04-22,0.0632,2
pakistan_west,Pakistan / Western Border,2026-05-04,2026-05-07,2026-05-07,0.1187,3
pakistan_west,Pakistan / Western Border,2026-05-16,2026-05-17,2026-05-16,0.0697,2
china_east,China / Eastern Border,2026-05-23,2026-05-23,2026-05-23,0.0274,1
pakistan_west,Pakistan / Western Border,2026-05-26,2026-05-26,2026-05-26,0.0586,1
china_east,China / Eastern Border,2026-06-05,2026-06-07,2026-06-05,0.0375,2
china_east,China / Eastern Border,2026-06-13,2026-06-13,2026-06-13,0.0308,1
us_trade,US & Trade Policy,2026-06-17,2026-06-17,2026-06-17,0.1405,1
pakistan_west,Pakistan / Western Border,2026-06-19,2026-06-19,2026-06-19,0.0595,1
china_east,China / Eastern Border,2026-06-19,2026-06-21,2026-06-21,0.0354,3
china_east,China / Eastern Border,2026-06-28,2026-06-29,2026-06-28,0.0472,2
pakistan_west,Pakistan / Western Border,2026-07-01,2026-07-01,2026-07-01,0.0646,1
shipping,Shipping & Chokepoints,2026-07-08,2026-07-08,2026-07-08,0.4342,1
us_trade,US & Trade Policy,2026-07-15,2026-07-15,2026-07-15,0.1459,1
shipping,Shipping & Chokepoints,2026-07-22,2026-07-24,2026-07-24,0.3903,3
us_trade,US & Trade Policy,2026-07-24,2026-07-24,2026-07-24,0.2617,1
pakistan_west,Pakistan / Western Border,2026-07-26,2026-07-26,2026-07-26,0.093,1
shipping,Shipping & Chokepoints,2026-07-30,2026-07-30,2026-07-30,0.3719,1
pakistan_west,Pakistan / Western Border,2026-08-02,2026-08-04,2026-08-04,0.0713,2
us_trade,US & Trade Policy,2026-08-08,2026-08-08,2026-08-08,0.2104,1
pakistan_west,Pakistan / Western Border,2026-08-14,2026-08-15,2026-08-15,0.0797,2
