month,total,pakistan_west,china_east,us_trade,gulf_energy,generation
197901,148490,0.0,0.0053875681864098595,0.0,0.037712977304869014,1.0
197902,146998,0.016326752744935304,0.04489857004857209,0.0,0.0,1.0
197903,154179,0.002594387043631104,0.007783161130893313,0.0,0.00972895141361664,1.0
197904,152358,0.0,0.0,0.0,0.0039380931752845275,1.0
197905,165158,0.018164424369391734,0.002421923249252231,0.0,0.0,1.0
197906,175715,0.003983723643399824,0.0,0.0,0.0,1.0
197907,164318,0.0,0.006085760537494371,0.0,0.0,1.0
197908,152811,0.005889628364450203,0.01047045042568925,0.0,0.005235225212844625,1.0
197909,161101,0.0,0.014897486669853075,0.0,0.0,1.0
197910,172435,0.003479572012642445,0.010438716037927336,0.0,0.0,1.0
197911,160067,0.0,0.0,0.0,0.0,1.0
197912,151207,0.010581520696793138,0.0,0.0,0.0,1.0
198001,194836,0.04875895625038494,0.0,0.0,0.0,1.0
198002,171852,0.0058189605008961195,0.0,0.0,0.006982752601075343,1.0
198003,175581,0.026198734487216727,0.014807980362339887,0.0,0.006834452474926102,1.0
198004,170042,0.001176180002587596,0.0,0.0,0.001176180002587596,1.0
198005,161673,0.003711194819172032,0.012370649397240108,0.0,0.022267168915032196,1.0
198006,201962,0.001980570602390549,0.012873708915538566,0.0,0.013368851566136205,1.0
198007,198804,0.03621657511921289,0.0015090239633005372,0.0,0.0,1.0
198008,178694,0.02854040986267026,0.0011192317593204026,0.0,0.002238463518640805,1.0
198009,202893,0.021193436934739,0.0,0.0,0.023657790066685395,1.0
198010,247397,0.0,0.0,0.0,0.0040420862015303335,1.0
198011,214636,0.005590860806202128,0.0,0.0,0.007454481074936172,1.0
198012,202732,0.015784385296845095,0.0,0.0,0.017757433458950735,1.0
198101,211208,0.0047346691413204045,0.0,0.0,0.022726411878337942,1.0
198102,208205,0.0024014793112557336,0.005763550347013761,0.0,0.033140414495329125,1.0
198103,237235,0.0012645688873901405,0.0,0.0,0.0,1.0
198104,237219,0.011381887622829538,0.0,0.0,0.010117233442515144,1.0
198105,244335,0.005320563979781857,0.0024556449137454724,0.0,0.02210080422370925,1.0
198106,249633,0.014421170277968059,0.044064686960457955,0.0,0.0,1.0
198107,213502,0.015924909368530506,0.010772732808123577,0.0,0.0,1.0
198108,228754,0.015737429728004754,0.0,0.0,0.005245809909334919,1.0
198109,220614,0.014051692095696556,0.0036262431214700787,0.0,0.0013598411705512798,1.0
198110,259753,0.002309886700057362,0.016939169133753988,0.0,0.0,1.0
198111,243007,0.020575538976243483,0.0041151077952486965,0.002469064677149218,0.005761150913348175,1.0
198112,242390,0.018565122323528197,0.02269070506209002,0.0016502330954247285,0.0,1.0
198201,234300,0.046094750320102434,0.0008536064874093043,0.0,0.0,1.0
198202,224821,0.014678344104865649,0.0048927813682885495,0.0,0.00222399153104025,1.0
198203,258323,0.001548449034735583,0.0,0.0,0.0019355612934194787,1.0
198204,265688,0.0,0.0,0.0,0.01430249013880943,1.0
198205,291008,0.005841763800307895,0.02405432153067957,0.0,0.0,1.0
198206,296586,0.01449832426345141,0.0,0.0,0.00876642862441248,1.0
198207,257811,0.0011636431339236883,0.002715167312488606,0.0023272862678473767,0.0,1.0
198208,261058,0.00919335933011055,0.0,0.0038305663875460626,0.03370898421040535,1.0
198209,272383,0.002202780643432226,0.0,0.0,0.007342602144774087,1.0
198210,264210,0.023466182203550207,0.003406381287612127,0.0,0.004163354907081488,1.0
198211,263250,0.03380816714150048,0.0030389363722697054,0.0007597340930674264,0.0,1.0
198212,256814,0.03270849720030839,0.0,0.0,0.004672642457186914,1.0
198301,257997,0.0,0.004651216874614821,0.0,0.0,1.0
198302,260002,0.0023076745563495667,0.0053845739648156555,0.0,0.0003846124260582611,1.0
198303,289458,0.0058730454850099145,0.0034547326382411265,0.0,0.0929323079686863,1.0
198304,290511,0.0,0.002753768359889987,0.0,0.0,1.0
198305,294624,0.008145975887911373,0.0027153252959704575,0.0,0.0,1.0
198306,285996,0.01608414103693758,0.002097931439600554,0.0,0.004195862879201108,1.0
198307,282388,0.002832981571454878,0.0,0.0,0.0,1.0
198308,311028,0.01253906400709904,0.0,0.0,0.00900240492817367,1.0
198309,328475,0.008524240809802876,0.0036532460613440897,0.0,0.0,1.0
198310,297157,0.0020191346661865613,0.021873958883687747,0.0,0.0,1.0
198311,325069,0.0018457619766880263,0.016304230794077564,0.0,0.00861355589121079,1.0
198312,290221,0.005168475058662192,0.009303255105591945,0.0,0.0,1.0
198401,304867,0.03968943834524563,0.0,0.0,0.010496380388825291,1.0
198402,301181,0.004648367592909247,0.0,0.0,0.0,1.0
198403,321561,0.013061285417074832,0.007463591666899904,0.0,0.0024878638889666346,1.0
198404,326454,0.014397127926139671,0.0,0.0,0.012865518572295023,1.0
198405,319610,0.0206501673915084,0.005631863834047746,0.0,0.0,1.0
198406,309810,0.006132791065491753,0.0,0.0,0.0,1.0
198407,288412,0.05894345588949142,0.0013869048444586217,0.0,0.010055060122325007,1.0
198408,276275,0.011220704008686997,0.0,0.0,0.017373993303773413,1.0
198409,305104,0.0016387854633174261,0.002622056741307882,0.0,0.0,1.0
198410,314997,0.035555894183119205,0.00793658352301768,0.0,0.0031746334092070715,1.0
198411,298003,0.03187887370261373,0.008389177290161507,0.0,0.0,1.0
198412,268919,0.02454270616802829,0.0,0.001115577553092195,0.0,1.0
198501,292404,0.02770139943366028,0.0,0.0034199258560074415,0.0,1.0
198502,285276,0.0059591413227891585,0.0,0.0,0.0,1.0
198503,334763,0.03405394264001697,0.00806540746737244,0.0,0.03823600577124712,1.0
198504,326205,0.0383194616882022,0.0,0.0,0.014714673288269647,1.0
198505,355833,0.004777522039833293,0.008149890538539147,0.0,0.0,1.0
198506,364249,0.015648635960565437,0.004941674513862769,0.0,0.009608811554733164,1.0
198507,343521,0.07190244555645797,0.0,0.002037721129130388,0.008733090553415949,1.0
198508,357148,0.022119681476586738,0.0,0.0,0.00895987097785792,1.0
198509,364866,0.012333294963082336,0.004933317985232935,0.0,0.006577757313643914,1.0
198510,403836,0.025753028457096445,0.00470488019889262,0.0,0.006190631840648184,1.0
198511,362941,0.03361427890483577,0.003306322515229748,0.0019286881338840198,0.0,1.0
198512,350238,0.04968050297226458,0.0,0.0,0.0,1.0
198601,366730,0.03681182341231969,0.0,0.0,0.002726801734245903,1.0
198602,330182,0.010903077696543119,0.00060572653869684,0.0,0.0,1.0
198603,369807,0.013520566133145128,0.0,0.004056169839943538,0.0,1.0
198604,406655,0.007869078211260159,0.0004918173882037599,0.0,0.0034427217174263195,1.0
198605,369227,0.0,0.0,0.0,0.0,1.0
198606,341193,0.008792677458212802,0.006741052717963147,0.0,0.0,1.0
198607,375766,0.009314307308271638,0.006919199714716074,0.0,0.0,1.0
198608,380907,0.008663532043254653,0.004988094206722376,0.0,0.035441721995132666,1.0
198609,395151,0.04403379973731561,0.004049085033316378,0.0,0.0,1.0
198610,431752,0.013665252274453855,0.002779373343956716,0.001389686671978358,0.007411662250551242,1.0
198611,421715,0.04884815574499366,0.0056910472712613965,0.0,0.0,1.0
198612,395682,0.018954615069677164,0.010361856238090184,0.0,0.0,1.0
198701,410782,0.07084049447152017,0.0075465818852822174,0.0,0.00048687625066336893,1.0
198702,392140,0.02805120620186668,0.005100219309430306,0.0,0.0,1.0
198703,409331,0.02711741842176625,0.0,0.0,0.003420214936078626,1.0
198704,410044,0.009267298143613855,0.0014632576016232405,0.0007316288008116203,0.0,1.0
198705,386687,0.007758212714676212,0.009827069438589867,0.000258607090489207,0.007758212714676212,1.0
198706,409017,0.003422840615426743,0.015158294154032716,0.0,0.0,1.0
198707,398503,0.0015056348383826472,0.0,0.0,0.0,1.0
198708,374870,0.013071198015311973,0.0,0.0,0.002400832288526689,1.0
198709,421854,0.00758556277764345,0.002844586041616294,0.0,0.0009481953472054313,1.0
198710,418437,0.0009559384088883153,0.012666183917770177,0.0,0.0,1.0
198711,402198,0.04077593623041388,0.004972675150050473,0.0,0.0014918025450151417,1.0
198712,393657,0.012193356145070455,0.0012701412651115057,0.0,0.0030483390362676136,1.0
198801,414125,0.03936009658919409,0.0,0.0,0.0004829459704195593,1.0
198802,403797,0.004705334611203154,0.0002476491900633239,0.0,0.007429475701899718,1.0
198803,471953,0.013136901343989763,0.0012713130332893316,0.0,0.0,1.0
198804,453700,0.030636984791712587,0.0037469693630152083,0.0,0.0,1.0
198805,456013,0.016666191534013285,0.0008771679754743834,0.0,0.0,1.0
198806,468126,0.023925182536325692,0.0,0.0,0.0,1.0
198807,469058,0.002345125762698856,0.0051166380277065954,0.0,0.008101343543868775,1.0
198808,464194,0.030375231045640397,0.006031960775020789,0.0,0.0,1.0
198809,445602,0.013464930588282818,0.0006732465294141408,0.0008976620392188544,0.0,1.0
198810,429579,0.006983581599659202,0.014199949252640377,0.0009311442132878934,0.0,1.0
198811,420202,0.0019038462453772234,0.03117548226805203,0.0,0.0,1.0
198812,426150,0.1004341194415112,0.14455004106535257,0.0,0.008917047987797725,1.0
198901,421033,0.016625775176767617,0.005700265774891754,0.0,0.0,1.0
198902,434361,0.012432055364086555,0.005525357939594024,0.0,0.0234827712432746,1.0
198903,441737,0.034635993815324506,0.01629929120721153,0.0,0.0,1.0
198904,418652,0.0054938230320170445,0.002866342451487154,0.0004777237419145257,0.0083601654835042,1.0
198905,422945,0.019860738393881,0.007329558216789417,0.0014186241709915,0.006856683493125584,1.0
198906,371193,0.008351450593087693,0.0016164097922105212,0.0,0.0008082048961052606,1.0
198907,391141,0.13243306122344628,0.0038349342053121504,0.0,0.0,1.0
198908,416943,0.05324468812283693,0.0,0.0,0.01966695687420103,1.0
198909,418606,0.01815549705450949,0.0,0.0,0.0042999861444890895,1.0
198910,407560,0.007360879379723231,0.00907841790165865,0.0,0.0,1.0
198911,422403,0.006392000056817779,0.0,0.0,0.0,1.0
198912,411003,0.010705517964589066,0.0048661445293586665,0.0,0.0,1.0
199001,419265,0.08920372556736193,0.0,0.0,0.003339176892895901,1.0
199002,384177,0.02967382222256928,0.0,0.002082373489303108,0.0015617801169773308,1.0
199003,408073,0.00931205936192789,0.005146138068433834,0.0,0.004410975487229001,1.0
199004,378321,0.025375276550865536,0.0021146063792387942,0.0,0.0,1.0
199005,417064,0.026614620298083747,0.0019181708322943242,0.0,0.001438628124220743,1.0
199006,397143,0.024676250116456792,0.0020143877646087178,0.0,0.0022661862351848073,1.0
199007,416251,0.02858851990745968,0.0,0.0,0.0,1.0
199008,545925,0.025827723588405,0.013188624811100426,0.0,0.011906397398910107,1.0
199009,442157,0.00429711618271338,0.0020354760865484434,0.0,0.026235025115513268,1.0
199010,444503,0.0033745554023257435,0.004049466482790892,0.0,0.0263215321381408,1.0
199011,474386,0.018761093286901384,0.0,0.0,0.0037943784175755607,1.0
199012,402088,0.007212351525039295,0.002984421320705915,0.0,0.011191579952647182,1.0
199101,610958,0.0021278058393539327,0.001800451094837943,0.0,0.024224251094183233,1.0
199102,624234,0.0012815706930413915,0.0032039267326034785,0.0,0.0719281551469481,1.0
199103,567759,0.01039173311211271,0.0014090485575746047,0.0,0.011624650599990488,1.0
199104,556143,0.01744155729731382,0.0,0.0005394296071334171,0.005394296071334171,1.0
199105,660567,0.05858603290809259,0.0037846274488431905,0.0,0.007569254897686381,1.0
199106,617682,0.009228049384634812,0.0022665384453489012,0.0,0.0,1.0
199107,663506,0.025320042320642167,0.0,0.0,0.005425723354423321,1.0
199108,651664,0.025780156645142282,0.0,0.0,0.0003069066267278843,1.0
199109,637125,0.009417304296645085,0.0,0.0009417304296645085,0.0009417304296645085,1.0
199110,709138,0.005499634767844905,0.0016921953131830477,0.0,0.0,1.0
199111,732800,0.00941593886462882,0.0,0.0,0.006823144104803493,1.0
199112,650106,0.005845200628820531,0.023226981446102635,0.0,0.006460484905538482,1.0
199201,563406,0.003904821744887346,0.0,0.0,0.0,1.0
199202,286203,0.023759359615377895,0.0,0.0,0.0,1.0
199203,377658,0.002383108526762309,0.0,0.0,0.0,1.0
199204,508261,0.00865696954910961,0.003934986158686186,0.0,0.0007869972317372374,1.0
199205,495636,0.0185620092164411,0.021386662792856045,0.008070438789756999,0.004236980364622425,1.0
199206,484568,0.003301910155024682,0.0,0.0,0.0010318469234452132,1.0
199207,376778,0.011943372489901214,0.0,0.0,0.00902388143681425,1.0
199208,366364,0.05104213296066207,0.00709676714961077,0.0,0.0,1.0
199209,375479,0.009321426764213178,0.0,0.0,0.0,1.0
199210,368521,0.012482328008444565,0.008140648701159499,0.0,0.0,1.0
199211,410900,0.042102701387198835,0.0,0.0,0.007301046483329277,1.0
199212,497290,0.018701361378672402,0.0036196183313559494,0.0,0.004222888053248607,1.0
199301,488018,0.02376961505518239,0.0006147314238409238,0.0,0.0008196418984545652,1.0
199302,438383,0.005930886918516457,0.0004562220706551121,0.0,0.0,1.0
199303,469085,0.04796572049841713,0.0,0.0025581717599155803,0.019186288199366852,1.0
199304,431163,0.016699021019892707,0.0,0.0,0.0009277233899940394,1.0
199305,543638,0.02851161986468937,0.0014715674768871934,0.0,0.0,1.0
199306,580938,0.006196874709521499,0.013598697279227731,0.0015492186773803747,0.007746093386901873,1.0
199307,613628,0.00814825920590325,0.0,0.0,0.00782232883766712,1.0
199308,499287,0.01121599400745463,0.008011424291039022,0.0,0.001201713643655853,1.0
199309,420377,0.006898569617272115,0.0023788171094041776,0.0,0.0035682256641062665,1.0
199310,604229,0.02432852445016707,0.0,0.0,0.00016550016632766715,1.0
199311,567198,0.014633337917270513,0.004760242455015709,0.0,0.0010578316566701574,1.0
199312,562591,0.010487192294224401,0.0056879687019522175,0.0,0.00391047848259215,1.0
199401,675674,0.022644056157259267,0.0020720051385727436,0.0013320033033681923,0.004736011745309129,1.0
199402,637819,0.02179301651408942,0.0025085486634923073,0.0,0.0,1.0
199403,733429,0.015134389286488534,0.0053174881276851615,0.0009544209459947725,0.0005453833977112986,1.0
199404,600586,0.014485852151065792,0.0009990242862803996,0.0008325202385669996,0.004828617383688597,1.0
199405,523974,0.01564963147026379,0.00553462576387378,0.0005725474928145291,0.0030535866283441545,1.0
199406,624887,0.014722661857263794,0.0019203471987735384,0.0,0.0,1.0
199407,730177,0.028760149936248335,0.004519452132839024,0.0,0.0005478123797380635,1.0
199408,642530,0.03439528115418736,0.0009338085381227336,0.0,0.006847929279566713,1.0
199409,662716,0.02414307184374604,0.005583085363866271,0.0,0.004375931771678969,1.0
199410,865212,0.0071658737974045665,0.0025427294119822657,0.0,0.018492577541689207,1.0
199411,833739,0.011634336405038028,0.003958073209961391,0.0,0.0027586570857306664,1.0
199412,633068,0.015796091415140236,0.0022114527981196334,0.0,0.0018955309698168285,1.0
199501,622483,0.03421780193194031,0.0028916452336850964,0.0027309982762581467,0.03309327322995166,1.0
199502,692115,0.012859134681375206,0.00043345397802388333,0.0,0.0,1.0
199503,819224,0.010863939533021493,0.005737136607325957,0.0,0.0046385359803912,1.0
199504,628195,0.007800125757129554,0.004138842238476906,0.0004775587198242584,0.03470260030722944,1.0
199505,619683,0.03663163262506798,0.002259219633264104,0.0,0.0,1.0
199506,634603,0.0074062051392760515,0.0020485248257572056,0.0,0.0006303153310022172,1.0
199507,643311,0.005129711756833009,0.0007772290540656074,0.0009326748648787289,0.0027980245946361867,1.0
199508,629964,0.017461315249760304,0.007302004558990673,0.0023810884431491324,0.0,1.0
199509,562585,0.014042322493489873,0.000533252752917337,0.0,0.0,1.0
199510,359587,0.015573421731041443,0.002780968166257401,0.0,0.0013904840831287005,1.0
199511,591649,0.00540861220081501,0.01284545397693565,0.0,0.002028229575305629,1.0
199512,531584,0.013732542740187814,0.014673127859378762,0.0,0.0011287021430291357,1.0
199601,765449,0.035665341518507435,0.0,0.0,0.0,1.0
199602,681452,0.006750292023502756,0.0,0.0,0.0,1.0
199603,777442,0.010547410610695074,0.0012862695866701311,0.0,0.0007717617520020786,1.0
199604,771482,0.010240031523742615,0.0,0.0,0.0002592413043985472,1.0
199605,729042,0.03415441085698766,0.0005486652346504042,0.0,0.0,1.0
199606,834866,0.017727395773693023,0.00047911880469440606,0.0014373564140832181,0.0005988985058680076,1.0
199607,1272745,0.00966415110646673,0.0005499923393924157,0.0,0.0009428440103869982,1.0
199608,1321130,0.013094850620302316,0.0017409338974968397,0.0012110844504325843,0.00037846389076018257,1.0
199609,1477034,0.004197601409310822,0.004806930646146263,0.0,0.002098800704655411,1.0
199610,1537755,0.01372130150771742,0.0,0.0,0.005722628116962715,1.0
199611,1523907,0.0069558050458459735,0.030907397892391074,0.0,0.008924429115425023,1.0
199612,1484181,0.013475445380314125,0.010510847396645017,0.0,0.0008085267228188476,1.0
199701,1324979,0.016151199377499568,0.0009056747314485738,0.0,0.0035472260315069144,1.0
199702,1271094,0.012508909647909594,0.0046416708756394105,0.0002360171631681056,0.007237859670488572,1.0
199703,1595497,0.07026023865917642,0.005578199144216504,0.0005640875539095341,0.0026950849797899965,1.0
199704,1491722,0.054970027927455645,0.005497002792745565,0.0,0.008647723905660706,1.0
199705,1462944,0.04579806199006934,0.001572172277271037,0.0006151978476277971,0.0023924360741081,1.0
199706,1443386,0.03969832047698952,0.004018329123325292,0.0010392230491358513,0.004503299879588689,1.0
199707,1283099,0.012547745731233522,0.0006234904711171936,0.0,0.0,1.0
199708,1286202,0.04112884290336977,0.006142114535663916,0.0,0.0009329794231388227,1.0
199709,1459782,0.07507970368178263,0.006713331168626548,0.00041102027563019684,0.00520625682464916,1.0
199710,1511112,0.04003674115485815,0.0003970585899655353,0.0013897050648793738,0.002382351539793212,1.0
199711,1504928,0.01873843798507304,0.0037875566140041254,0.0003986901698951711,0.0028572795509153926,1.0
199712,1399529,0.009003028876143331,0.006787997962171559,0.0,0.0029295570152529887,1.0
199801,1661625,0.011735499887158655,0.0007221846084405326,0.0,0.00012036410140675544,1.0
199802,1916190,0.005949305653405978,0.00015656067508963099,0.0,0.0012524854007170479,1.0
199803,2052392,0.012375803452751714,0.0035568254017750997,0.0,0.0002923418138445287,1.0
199804,1831295,0.01632724383564636,0.016709487002367178,0.0,0.0013651541668600637,1.0
199805,1827497,0.07283185690592105,0.05521212893919935,0.006292759988114892,0.004103973905292321,1.0
199806,1748839,0.07187625619053556,0.00811967253703743,0.001315158227830006,0.004402921023604803,1.0
199807,1436729,0.04517205401992999,0.009674754250801647,0.000626422937102265,0.0009048331313699383,1.0
199808,1549167,0.02097901646497763,0.0013555672177370161,0.0003227540994611943,0.002130177056443882,1.0
199809,1838334,0.032692644535759006,0.001903897768305433,0.00043517663275552756,0.004786942960310803,1.0
199810,2055740,0.030013523110899238,0.00807495111249477,0.0005837314057225135,0.003113234163853406,1.0
199811,2115865,0.044946156772761967,0.002599409697688652,9.452398900686008e-05,0.0006616679230480206,1.0
199812,2028826,0.014047532908194197,0.011188736737403799,0.0014786876745467577,0.003253112884002867,1.0
199901,1827199,0.02610553092465572,0.01017951520332487,0.0022438716308404287,0.0008756572217913868,1.0
199902,1929398,0.0968695935208806,0.006426875118560296,0.00082927420884649,0.003679904301756299,1.0
199903,2285168,0.04012834067342095,0.01168404248615419,0.0,0.004769890003710887,1.0
199904,2266545,0.017736246136741164,0.011912404121691826,0.0013236004579657585,0.0016765605800899608,1.0
199905,2215858,0.1072722169019856,0.0030236594583226903,0.0,0.0008123264216389317,1.0
199906,2254567,0.24532426847372465,0.06835015326668048,0.0003991897335497237,0.0,1.0
199907,2070618,0.11441028717030374,0.009031120177647445,0.0,0.007051035005008166,1.0
199908,1836435,0.08766986035443672,0.0071878394824755575,0.0004900799647142426,0.0032127464353489234,1.0
199909,2183989,0.06826957461782088,0.00343408323027268,0.0,0.0009615433044763504,1.0
199910,2155685,0.05742954095797855,0.002226670408709992,0.0,0.0016236138396843692,1.0
199911,2118862,0.04261721622267047,0.00651293005396293,0.0,0.001840610667424306,1.0
199912,1966070,0.05849232224691898,0.003255224890263317,0.0,0.006357861113795541,1.0
200001,2000896,0.08151348196008189,0.023039678224155577,0.0007496641504605936,0.0011494850307062435,1.0
200002,1768553,0.037375187512050816,0.002827170008475856,0.0,0.0035056908105100607,1.0
200003,1846898,0.03432782969064886,0.009367057628520904,0.0004873035760502204,0.0029238214563013223,1.0
200004,2190500,0.024971467701438026,0.00611732481168683,0.0,0.002876055695046793,1.0
200005,2317983,0.020405671655055278,0.008326204290540526,0.0001725638194930679,0.008671331929526661,1.0
200006,2396704,0.013143049788376038,0.003963776920303884,0.0005006876109857537,0.0030041256659145226,1.0
200007,1811549,0.019320482084668977,0.01407635123311597,0.0,0.010212254816182173,1.0
200008,1815214,0.07040492195410569,0.0067209706403762864,0.002368866701116232,0.004186834169414735,1.0
200009,1825007,0.02301361035875479,0.0018082122424735905,0.002301361035875479,0.006356140003846561,1.0
200010,2093799,0.01342058144072091,0.011319138083455003,0.0,0.006065529690290233,1.0
200011,1872204,0.03039198719797629,0.006623209863882355,0.0,0.011003074451288427,1.0
200012,1657420,0.07602176877315346,0.004645774758359378,0.00036200842272930217,0.003559749490171471,1.0
200101,1916328,0.06100208315069236,0.041903056261767296,0.00010436626715259601,0.0074100049678343174,1.0
200102,2024449,0.029736486322945156,0.00612512342864651,0.0031119578710058883,0.0038529002212453855,1.0
200103,2161643,0.020539931894396995,0.0026831442564752826,0.000185044431481054,0.005320027405080302,1.0
200104,2078516,0.01871527570632124,0.0009141137234449964,0.0,0.021265171882246758,1.0
200105,2159285,0.07002317896896426,0.01176315308076516,0.00027786975781335024,0.005742641661475905,1.0
200106,2075337,0.08461276409566254,0.002794726832316872,0.00028910967230864193,0.005878563336942385,1.0
200107,1998293,0.19006221810315105,0.002802391841436666,0.0004503844030880357,0.003102648110162023,1.0
200108,1827397,0.04706147596827619,0.005526987293948715,0.0005472264647473975,0.0032833587884843847,1.0
200109,1982433,0.03641989414018027,0.002925697867216698,0.002421267200455198,0.004640762134205797,1.0
200110,2256883,0.0774519547535251,0.008108528443875912,0.0007532512762070519,0.010899989055702046,1.0
200111,2034237,0.03834361482954051,0.0016713883387235605,0.001228962013767324,0.004522580210663753,1.0
200112,1828048,0.10070851531250821,0.004321549543556843,0.003391595844310434,0.005689128513036857,1.0
200201,1982032,0.1760819199690015,0.03208828111756016,0.00030271963318452983,0.0074670842852184015,1.0
200202,1903505,0.04160745571984313,0.0022589906514561297,0.0,0.006882041286994255,1.0
200203,1397923,0.03905794525163403,0.028327740512174134,0.0,0.0030044573270487716,1.0
200204,1417434,0.02970155929658806,0.0016226505078896088,0.00028220008832862764,0.0032453010157792177,1.0
200205,1280614,0.14875676823773595,0.0017179259324043,0.001015138050966177,0.022020686951727843,1.0
200206,1196575,0.13229425652382842,0.0048471679585483565,0.0005014311681256921,0.007521467521885382,1.0
200207,2070216,0.0669012315623104,0.0014974282876762618,0.0003864331064970998,0.010771822843606657,1.0
200208,1878232,0.06852188654010792,0.0017037298906631341,0.00010648311816644588,0.0025555948359947014,1.0
200209,1372255,0.04124597833493046,0.00429949244127367,0.002040437090773945,0.00451811070099945,1.0
200210,1508892,0.06203227268750845,0.001192928320913624,0.0005301903648504996,0.009013236202458492,1.0
200211,2003817,0.040722281525708184,0.0164685697346614,0.0010479998922057253,0.004042285298507798,1.0
200212,1977114,0.04026070322702687,0.0076373947076395195,0.0003034726373896498,0.014465529048906639,1.0
200301,2353253,0.041644481065146836,0.008626356792066131,0.0,0.05689995933288941,1.0
200302,2285193,0.04984261723189245,0.004726077841127642,0.0006563997001566169,0.01977951096471939,1.0
200303,3175263,0.01927399399671775,0.0007558429018320687,0.0005668821763740515,0.03401293058244309,1.0
200304,3280911,0.05224158777851639,0.03261289318728853,0.00012191735770948983,0.021183140902023858,1.0
200305,2344519,0.08641431355429408,0.01266784359606384,0.0011089694730560939,0.011302958090764034,1.0
200306,2241084,0.054125592793487436,0.06456696848489392,0.0,0.017000701446264397,1.0
200307,2353556,0.04788498765272634,0.025620805283579403,0.0005098667718125254,0.02800018355203785,1.0
200308,2030604,0.07943449338226459,0.011178939862228184,0.00014773929333341214,0.018861383115565615,1.0
200309,2233472,0.05211616711559402,0.002686400366783197,0.0013432001833915985,0.01508861539343229,1.0
200310,2374877,0.03385438487972219,0.02863306183857101,0.0,0.005052893265630178,1.0
200311,1972026,0.06085112468091191,0.022312079049667703,0.000253546352837133,0.005882275385821485,1.0
200312,1986727,0.05134072270623996,0.004630731851935369,0.000855678711770666,0.013237853011510892,1.0
200401,1979133,0.1184862260393819,0.007528549117214457,0.000303163051699911,0.006416951260981451,1.0
200402,2040506,0.02097518948731344,0.0053418122759746845,0.003773573809633493,0.013281019511826968,1.0
200403,2327547,0.019978114298014174,0.004468223412889192,0.00025778211997437643,0.003952659172940439,1.0
200404,2270787,0.015589308904798203,0.0029064813212335634,0.00237803017191837,0.0007046015324202579,1.0
200405,2148076,0.026814693707298998,0.004329455754824317,0.0,0.002513877535059281,1.0
200406,2209401,0.05363444662150511,0.0038924577294931974,0.0,0.006608125912860544,1.0
200407,1442364,0.029604177586240364,0.006447748279907153,0.0,0.018580607946399104,1.0
200408,1400950,0.04318498161961526,0.004282808094507299,0.0012134622934437346,0.013205324958064169,1.0
200409,1600840,0.09907298668199195,0.0030608930311586415,0.0,0.011681367282176858,1.0
200410,1508093,0.03302183618649513,0.008354922408631298,0.00039785344803006177,0.005437330456410845,1.0
200411,1522236,0.07521829729424347,0.0022335564262046096,0.0007883140327780974,0.0031532561311123897,1.0
200412,1374627,0.028516826746455587,0.0038555913713320053,0.0,0.014331160380234057,1.0
200501,1311029,0.040731364447315815,0.003508694315686381,0.0,0.0068648367046037885,1.0
200502,1376874,0.03173856140794292,0.0006536545827722798,0.0,0.009005907584862522,1.0
200503,1448094,0.023064801041921313,0.002900364202876333,0.0015882946825275153,0.004695827757037871,1.0
200504,1441186,0.0795872288517929,0.03268141655553135,0.0008326475555549388,0.007424440703698205,1.0
200505,1354246,0.039726903383875606,0.005611978916681312,0.0,0.002805989458340656,1.0
200506,1389728,0.047203481544590024,0.0030941306500264797,0.0,0.0023026088558336594,1.0
200507,1333102,0.016877928320563618,0.0015002602951612106,0.0007501301475806053,0.0036006247083869053,1.0
200508,1277584,0.029743641122618944,0.004931182607171036,0.0,0.008218637678618392,1.0
200509,1307098,0.03924724848481139,0.01422999652665676,0.0,0.008951126847413124,1.0
200510,1327462,0.048438298045443105,0.0023352834205423584,0.0003766586162165094,0.007533172324330188,1.0
200511,1378979,0.02878941593744357,0.00210300519442283,0.0010152438869627457,0.002610627137904203,1.0
200512,1224472,0.030217105821937946,0.0066967639929700305,0.0007350106821552474,0.012821853010930426,1.0
200601,1433454,0.02713725030590448,0.010324712198647463,0.002232370205112965,0.0277651044260925,1.0
200602,1618763,0.0158763203754966,0.0019768181012291483,0.0024092470608730247,0.007721945707926361,1.0
200603,2846981,0.03487905258236708,0.008991981330398762,0.0007024985414374033,0.0063224868729366305,1.0
200604,2206428,0.018582070205780565,0.0006798318367968499,0.0,0.007387505959859103,1.0
200605,2730777,0.0383407359883286,0.018602763975234887,0.0004394353694937375,0.008349272020381012,1.0
200606,3078694,0.015136288309263604,0.01312244737541308,0.00019488783230811507,0.006950999352322771,1.0
200607,3346980,0.05670783811077449,0.010098656101918745,0.0,0.005497493262582986,1.0
200608,3834916,0.021956152364223883,0.0030509142833897796,0.00036506666638852064,0.004302571425293279,1.0
200609,3735674,0.047354239154701404,0.006826077436093192,0.0006424543469264181,0.013919844183405725,1.0
200610,2497801,0.03671229213215945,0.003603169347758288,0.00024021128985055257,0.004724155367060867,1.0
200611,3921889,0.06050655691683268,0.06249539443875132,0.00010199166779069985,0.014559310577122401,1.0
200612,3300094,0.01881764580039235,0.008575513303560444,0.00018181300290234158,0.009575484819523323,1.0
200701,3890834,0.05952451325345671,0.020715353057981913,0.00030841716711635603,0.01007496079246763,1.0
200702,3743158,0.06956692717753298,0.012529527206706208,0.000267154098224013,0.016189538352375188,1.0
200703,5319893,0.024756137012530138,0.003947447815209817,0.0005639211164585454,0.013590498906650941,1.0
200704,6728247,0.023334458440660694,0.009333783376264278,0.0021848187202402054,0.007892100275153394,1.0
200705,7044017,0.009142510587353778,0.013316265420710939,0.0008659831456965535,0.00976715416785621,1.0
200706,6708476,0.01389287224102762,0.015115206493993569,0.0007155127334434826,0.007497977185876495,1.0
200707,6014503,0.013700217623966601,0.006850108811983301,0.001513009470607962,0.005653002417656122,1.0
200708,4619100,0.008897837241020978,0.009763806802190904,0.0006494771708774437,0.005087571171873309,1.0
200709,6188698,0.010519175438840286,0.016966411998129493,0.0005332300913697841,0.008370096585743883,1.0
200710,7365575,0.0127213421898494,0.010549074580056546,0.0008281770262335256,0.005294902298870081,1.0
200711,6814612,0.0139259579268783,0.012267756403446009,0.001526132375548307,0.008848632908227204,1.0
200712,6018967,0.012261240176262804,0.011397304554087107,0.0013291317264241523,0.0073268386419131385,1.0
200801,7760602,0.009290516380043712,0.07308711360278494,0.0010050766680213725,0.006378371162443326,1.0
200802,8579961,0.01449890040292724,0.018158590697556785,0.000979025429136566,0.009405637158490581,1.0
200803,7381449,0.02322037312728165,0.03140304837166795,0.0013276526058772472,0.006435050895833596,1.0
200804,7828130,0.0445572569694167,0.02095008641910648,0.0008303387910011714,0.032447085063738085,1.0
200805,8249384,0.05813767427967955,0.01754070364526612,0.0015273867721517145,0.011225080563591172,1.0
200806,7915490,0.020756769321924478,0.0328343539060753,0.0005306051804752454,0.0072263372198057224,1.0
200807,8476223,0.02563641848497851,0.00875389899487071,0.00021235873572462638,0.0069488497412113865,1.0
200808,6578834,0.039566281806168085,0.012251411116316356,0.0007904136204075068,0.003952068102037534,1.0
200809,5478853,0.024913973782468703,0.02425690194644755,0.002391011403299194,0.004051942988797108,1.0
200810,7699685,0.022221688289845623,0.012909619029869403,0.0007792526577385958,0.006402859337752129,1.0
200811,8106106,0.08635465660083892,0.01528477421834849,0.0018627933066752394,0.021218572764777562,1.0
200812,9125364,0.2562308747355174,0.01278853095613501,0.0014793930411981374,0.013621374445994702,1.0
200901,16208836,0.14683349254690467,0.006138627104376897,0.0006477948200598736,0.0057314417889106906,1.0
200902,12522770,0.10815498487954343,0.0026751269886774254,0.0008863853604274453,0.004248261367093702,1.0
200903,12551922,0.03273602241951472,0.004047188948433554,0.0008205914600170396,0.003919718430372655,1.0
200904,13970084,0.02378654272944959,0.00535429851388152,0.0003579076546712246,0.007007831878462578,1.0
200905,14013038,0.020580833363900108,0.005566244807157449,0.0011988834969262198,0.0027831224035787245,1.0
200906,13206031,0.04965912922663895,0.008859588471358275,0.0006436453162952593,0.004338926661613925,1.0
200907,10960472,0.07714083846024149,0.005830040896049002,0.0005656690697261942,0.004516228863136551,1.0
200908,17938745,0.04492510484986547,0.013590694332295821,0.0008752005784128155,0.004660303716898813,1.0
200909,19178499,0.04007091483019604,0.02282243255846039,0.0005422739287365502,0.007096488625100431,1.0
200910,19023452,0.023008442421491117,0.08408042872555412,0.0004363035688790867,0.008915311479746158,1.0
200911,15448136,0.0401472384758912,0.039597010280075215,0.0007508996554665237,0.014047002175537554,1.0
200912,18436368,0.022645458150976374,0.010788458984980123,0.0006400392962431646,0.0066661719922275365,1.0
201001,18536817,0.03334445174702863,0.009645668940897459,0.0003938108683923459,0.004089159427964359,1.0
201002,15843702,0.07917972706126385,0.004468652591420869,0.0006185423078520411,0.027171679952071804,1.0
201003,4284494,0.0210059811030194,0.0016104585512314873,0.0013537187821945835,0.010573010488519765,1.0
201004,8382382,0.055032089923842654,0.02137817150304054,0.0005249104610121561,0.006036470301639797,1.0
201005,7364549,0.07441053077384643,0.020585103038896206,0.0006381925084618216,0.007142324669168473,1.0
201006,7382480,0.025587607416477934,0.004375223502129366,0.000853371766669195,0.00432104116773767,1.0
201007,10164579,0.023857357987969792,0.00584382294633157,0.0004033615164976336,0.005814308689026865,1.0
201008,27284847,0.015037650751715778,0.008972012927175293,0.0005790759977506929,0.005882385926518114,1.0
201009,29831240,0.014625607249313137,0.009627491180386735,0.00033521905224187797,0.00395558481645416,1.0
201010,21642122,0.015613071583276355,0.0119720238154096,0.001501701173295299,0.004135454000305515,1.0
201011,25747081,0.02656223437522879,0.009838008432878274,0.0021050930006395675,0.004295632580640889,1.0
201012,27416589,0.02530584676306743,0.025707063705116634,0.0006711265212459508,0.002367179958090337,1.0
201101,26780184,0.012386023934712323,0.005201607277978373,0.0006684046681680753,0.0034353759481264208,1.0
201102,27539150,0.014368635197527882,0.003569463836029797,0.00029049553090781667,0.0025418358954433957,1.0
201103,32031535,0.008376120594907489,0.003262409996898369,0.000355899272388913,0.002934608035487528,1.0
201104,28615306,0.0076217951329963065,0.008142495488253734,0.00029704382682470704,0.002848126104260426,1.0
201105,25630702,0.026526780265323985,0.0032773195209401603,0.00040966494011752003,0.00411615725546651,1.0
201106,27027666,0.01878445589789366,0.006889237124655899,0.00045508924078016945,0.002471541567814254,1.0
201107,29689849,0.03892239398051502,0.00463458066088514,0.001397784138275678,0.004213561342127405,1.0
201108,31278274,0.006694742810936434,0.0016976640079308723,0.00047636899657570614,0.0025001379551825654,1.0
201109,29473221,0.012306086260473534,0.004990971295604237,0.00032571940474371633,0.005876520927251216,1.0
201110,21202874,0.010691946761556947,0.005258721058286721,0.0002971295306475905,0.0028250887120302654,1.0
201111,23219934,0.017166284796502868,0.009354031755645817,0.00027993188955661974,0.003018957762756776,1.0
201112,17108688,0.010509280431088579,0.004933166120043805,0.0014086410366475793,0.002460738076467348,1.0
201201,25728155,0.007773585008330368,0.007758037838313708,0.0006879622732372376,0.0054648302608562484,1.0
201202,34337463,0.008530041954468215,0.006348750925483342,0.0003523847990749928,0.007653448363380836,1.0
201203,36888652,0.01084886484873451,0.011000673052514903,0.0005231961308859971,0.0065575722311566175,1.0
201204,31035739,0.07311248493229047,0.005831986149902859,0.00045753703496475466,0.007372146028164497,1.0
201205,32797023,0.013452440485223307,0.008958130132725766,0.0005549284153015962,0.012025481703019205,1.0
201206,28528292,0.018385257694361792,0.006039618495211701,0.0008062172106202502,0.006491801191603058,1.0
201207,31482657,0.02069393317088834,0.0039482055151825336,0.0009402001870426629,0.006959387195305656,1.0
201208,31151251,0.01983547948042279,0.003569680074806627,0.0008474780033713574,0.016692748551254008,1.0
201209,31301603,0.017344159658532504,0.0056674413767243805,0.00046642978635950375,0.006456538344058609,1.0
201210,28173417,0.013363661212979598,0.002775666153665351,0.0008909107475319731,0.008277306228065981,1.0
201211,28765354,0.029163555574528995,0.006692078254972978,0.00045888536605529,0.0028089346649445026,1.0
201212,26336317,0.02684885665676032,0.0038729788983022954,0.0011201262499991932,0.003964107813556467,1.0
201301,27632169,0.03251282952127283,0.003959153550341994,0.0017153919404589628,0.004046008838466499,1.0
201302,24908751,0.007419079342838185,0.006355196211965826,0.0005299342387741561,0.0066603098645933705,1.0
201303,28356932,0.021962883713936333,0.0051451264191768,0.0006136065777496663,0.004450410925977465,1.0
201304,7927741,0.010406495368605004,0.016107993437222533,0.0009208171659492912,0.009561361805336475,1.0
201305,8406110,0.05860023244996794,0.03191726018336662,0.0008089354053182744,0.009278964943356678,1.0
201306,18978097,0.0183000434658965,0.008009232959447936,0.0007429617416329994,0.00945300258503263,1.0
201307,33702597,0.014915764503251782,0.01166378958867769,0.0004539709506659086,0.005257755062614314,1.0
201308,36432597,0.049916836837077525,0.00818223307001694,0.0011226210418104423,0.010608631605372518,1.0
201309,40338714,0.05146172979138601,0.007094921270916074,0.00042143138226964795,0.007627908019080629,1.0
201310,38899631,0.029277912687655058,0.03705690678659651,0.000642679618220543,0.010539945738816905,1.0
201311,37362942,0.015555520226431847,0.00866098820590734,0.0004630256364715605,0.009744949956028622,1.0
201312,30454391,0.01698277269770392,0.005903910539534348,0.010422142409611802,0.009299151639578018,1.0
201401,26698851,0.01258481123401153,0.00463690366300782,0.002359652106377162,0.0044870844816505395,1.0
201402,34482276,0.010295144090836695,0.011559561787626781,0.0007105099442971804,0.008218715029135548,1.0
201403,45789304,0.008932217008583489,0.003216908472773467,0.0010701189081188044,0.006333356803152107,1.0
201404,38538551,0.012958452952732968,0.0026051835731966157,0.0005293400885777983,0.005002782797931349,1.0
201405,36936850,0.04130292648127818,0.015326158023762177,0.0021793953734549646,0.005016670344114346,1.0
201406,35373670,0.010185541958185282,0.022024856340888577,0.0006106236644374192,0.012896597949831046,1.0
201407,44731943,0.014542180740952836,0.006275157777072191,0.0010104635964505275,0.017070575271009355,1.0
201408,43310267,0.03139902139139433,0.006342606938904347,0.00039944339294883594,0.007868803948957415,1.0
201409,44866931,0.01541447084936565,0.05992386686755999,0.0011901861529151614,0.0063365154171119925,1.0
201410,49729995,0.02547154891127578,0.008815605149367097,0.00037603060285849616,0.007727730517567919,1.0
201411,46872640,0.012947851881182712,0.009167394881107613,0.0010880547799313202,0.007202495954996348,1.0
201412,44818693,0.04104983605836074,0.00524557911583901,0.00023427724677290346,0.007485715837362772,1.0
201501,48545988,0.022628028499492067,0.005254811169977631,0.0014975490868575998,0.0074733261170830435,1.0
201502,17213813,0.007348749518773092,0.013001186895663383,0.0008481560709414004,0.006825913584631133,2.0
201503,50670008,0.020096700991245157,0.00640220937008733,0.00047760008247877127,0.004501676810471394,2.0
201504,47764836,0.018739727275521263,0.0060546633092176845,0.0001444577345560236,0.0046038051925897956,2.0
201505,47130704,0.010755196866993541,0.021020267382384102,0.0004116212649825897,0.005669340309450926,2.0
201506,46718100,0.01206170627658231,0.007331205678313117,0.0006464303984965141,0.0036131606379540267,2.0
201507,54113716,0.02332495517402649,0.006924307323488928,0.0002531705640026643,0.005052323518126162,2.0
201508,51046054,0.042097279448867875,0.004684005545267025,0.0004309833625925326,0.0074031187601690035,2.0
201509,55371802,0.016325999287507383,0.00528608406134227,0.000521926304655933,0.008665060241311995,2.0
201510,53159947,0.02189430324300361,0.0051580186865122345,0.0005041389525839821,0.004572991767655449,2.0
201511,54250386,0.014259806372621938,0.005966777821636145,0.000611977212475502,0.0047004273849775005,2.0
201512,51644744,0.02418639155225554,0.00459098025541573,0.0006564075523348513,0.006697680600372421,2.0
201601,51903427,0.01991583330326146,0.005267474920297652,0.00025817177736645405,0.005061322829415483,2.0
201602,55498929,0.018618377302380015,0.0034973647869853486,0.0003045103807318516,0.0071550930289123234,2.0
201603,57572022,0.018554151181280377,0.0035850747086840205,0.00032828445733589136,0.004597719357503198,2.0
201604,57804526,0.014538653945540526,0.007828106747212148,0.0003459936683850673,0.007397344630072739,2.0
201605,60847354,0.008718538525109901,0.011800020096190215,0.00041743803682901316,0.009910044732594289,2.0
201606,58804816,0.009227135410133754,0.010890264498064241,0.0004268357884156971,0.004128913523001245,2.0
201607,58133779,0.01818908074082024,0.006875520684798421,0.0005882982422319388,0.006104884390880558,2.0
201608,56462775,0.03165625493964829,0.008363032103895,0.0005897691000840819,0.009524859520276855,2.0
201609,59082779,0.0330163887517884,0.005661548181408326,0.0004891442225491797,0.005487216503475573,2.0
201610,60077805,0.041166617189159954,0.0102483770836834,0.0003894949224593009,0.004622339314826832,2.0
201611,57630327,0.01878524826000033,0.005460666568836231,0.0003678618724478173,0.004174885212780417,2.0
201612,55331117,0.015390977919350516,0.00670689514545676,0.00025844408671525643,0.0055737172267821735,2.0
201701,56517602,0.01140883507407126,0.005992823262388238,0.0007997508457630597,0.007693178489773859,2.0
201702,55413079,0.01070505394583831,0.005578105486612646,0.00043672000251059864,0.00486888663956031,2.0
201703,61669264,0.014522631565701839,0.008878004446428937,0.0008610448148043408,0.004368464653640102,2.0
201704,54601562,0.015933610104414228,0.018862097754639328,0.00036628988745779833,0.005270911480517718,2.0
201705,55821261,0.021810686075328895,0.007642249428940704,0.0004281522769612819,0.004252859855673988,2.0
201706,53089174,0.011663394875949662,0.017585506227691543,0.0004520695688352582,0.00466385105181708,2.0
201707,49031231,0.013022312248289258,0.041489882234447675,0.0005894202411520119,0.006983304171987849,2.0
201708,45676533,0.013359157535008185,0.02300524866893904,0.0007356074945530564,0.005571788909635501,2.0
201709,50501642,0.011142211970058321,0.009573946130306021,0.00028711937722737804,0.003910763931200495,2.0
201710,52142478,0.010887476425650503,0.008624446272001112,0.0003509614560320666,0.00404468694410726,2.0
201711,51447214,0.015847310993361077,0.008099563953064591,0.00035959187216629457,0.005160629300548713,2.0
201712,45695115,0.023707129306929198,0.010246171828214022,0.00046175614176701383,0.004236776732042364,2.0
201801,48634619,0.012521944502125123,0.006260972251062561,0.0003516013973503113,0.004480347630563324,2.0
201802,46206497,0.015854913217074214,0.005572809382195755,0.0003657494312975078,0.01085345205891717,2.0
201803,52165233,0.011028418103682196,0.006759291193044225,0.0005712617060485476,0.007583594997074008,2.0
201804,49324765,0.009755748456176121,0.01063157624775303,0.0003061342512224843,0.007085690119354851,2.0
201805,50158316,0.01791926188271552,0.004266490924456076,0.0001993687347876671,0.006449578570381031,2.0
201806,46312209,0.012337999251989902,0.007650250498739976,0.0005635662941493462,0.007015428696134965,2.0
201807,44620811,0.009181814288404574,0.004726494101597571,0.0004885612679697821,0.00564534786245817,2.0
201808,44154126,0.015543281277948974,0.007473820226902464,0.0006998213485190489,0.010911777531277598,2.0
201809,43566963,0.012918045262874992,0.005933394990144252,0.0004062711463270919,0.005444492424225209,2.0
201810,46427697,0.009141095238904485,0.004161309142686961,0.00032954466813204196,0.00461147146712877,2.0
201811,44684405,0.014828439586473178,0.004173715639718152,0.00026183631627186264,0.005196443815241582,2.0
201812,38990466,0.014665123520195937,0.003780411344660513,0.00040009780852580737,0.004236933203106626,2.0
201901,40613554,0.012737127117710505,0.005067273846558713,0.0005983224221155332,0.005685294126192453,2.0
201902,39707078,0.055362925471373135,0.00521065790839608,0.0004583565680657741,0.011942455196526926,2.0
201903,43150136,0.04419221297471693,0.004250276291133822,0.00044032306178594664,0.004537645026194124,2.0
201904,40447985,0.017266620327316674,0.006259891561965324,0.0003362343019065103,0.005488530516415095,2.0
201905,41538130,0.012687138299196425,0.005539488657770583,0.00039241053942486095,0.005590044616837589,2.0
201906,39177927,0.010853049983987157,0.005679218300651793,0.0010388502689282157,0.004722046676946434,2.0
201907,39748494,0.01677044669918815,0.0033812601805743884,0.00048052135006674716,0.009180222023002935,2.0
201908,38018991,0.03991163258383159,0.006175860900674613,0.000791709595870127,0.008832427983162415,2.0
201909,38744019,0.025283902529574954,0.005701525182506234,0.0006452608852994833,0.00573249770500061,2.0
201910,41327259,0.01988034096333367,0.0202965311587686,0.00040409164324205487,0.006247692352401112,2.0
201911,37287769,0.011510476800046686,0.005484372100674621,0.00020382018564854334,0.005323461427794192,2.0
201912,35000890,0.014759624683829468,0.006219841838307541,0.001268539171432498,0.005611285884444653,2.0
