date,n_global,n_india,n_verbal_conflict,n_material_conflict,n_protest,goldstein_mean,mentions_sum
2017-01-01,97865,5004,762,688,67,0.35,47801
2017-01-02,124953,7653,1199,1101,122,0.309,83535
2017-01-03,175886,9462,1602,1403,188,0.165,96126
2017-01-04,198065,11157,1855,1684,299,0.224,117769
2017-01-05,204162,10849,1655,1471,227,0.44,108348
2017-01-06,201467,9302,1598,1412,253,0.159,88915
2017-01-07,134129,7857,1305,1084,156,0.342,69378
2017-01-08,119111,6707,928,922,77,0.63,64614
2017-01-09,199288,10131,1704,1340,272,0.428,96485
2017-01-10,219808,10250,1664,1297,254,0.446,95020
2017-01-11,221814,9513,1657,1079,191,0.606,89273
2017-01-12,235886,9507,1557,1226,166,0.581,91517
2017-01-13,227125,9394,1628,1326,244,0.253,88485
2017-01-14,143802,7122,1386,770,180,0.449,63979
2017-01-15,129561,6211,1057,823,124,0.365,59829
2017-01-16,203778,9566,1532,1345,194,0.418,87569
2017-01-17,235659,10658,1733,1477,254,0.312,98732
2017-01-18,256842,12048,2056,1653,447,0.374,117093
2017-01-19,250568,11440,1853,1726,413,0.181,114250
2017-01-20,229688,10064,1716,1277,370,0.489,90539
2017-01-21,157544,8070,1365,1187,277,0.256,75910
2017-01-22,134877,6749,1136,1032,221,0.136,66522
2017-01-23,211589,10054,1811,1530,408,0.076,98595
2017-01-24,241016,10358,1586,1365,265,0.505,96704
2017-01-25,248845,10870,1544,1297,176,0.826,109678
2017-01-26,248664,9255,1216,1064,187,0.836,99811
2017-01-27,233337,8689,1479,1170,198,0.465,77895
2017-01-28,163198,7949,1514,1172,211,0.087,69337
2017-01-29,166349,6097,1038,851,143,0.351,58729
2017-01-30,263106,10238,1894,1698,225,-0.055,93906
2017-01-31,277014,9671,1783,1692,202,-0.163,91546
2017-02-01,268215,8612,1373,1110,146,0.517,100266
2017-02-02,263407,8508,1528,1161,169,0.277,85944
2017-02-03,250661,8838,1524,1343,208,0.196,84037
2017-02-04,161649,7707,1206,1187,122,0.114,76368
2017-02-05,138173,6735,1080,1046,139,0.152,61590
2017-02-06,222144,9675,1627,1350,229,0.361,95075
2017-02-07,245984,10421,1802,1516,187,0.354,99585
2017-02-08,255361,9460,1718,1374,218,0.183,98335
2017-02-09,255779,9686,1760,1297,162,0.317,99108
2017-02-10,237692,9286,1629,1230,157,0.402,93037
2017-02-11,149073,7090,1166,1068,89,0.229,68797
2017-02-12,129730,5731,972,1048,127,-0.273,54150
2017-02-13,217952,9386,1608,1395,180,0.181,98429
2017-02-14,247727,9490,1442,1559,112,0.21,97041
2017-02-15,262415,10198,1528,1589,185,0.298,103841
2017-02-16,266197,10306,1713,1432,171,0.421,98515
2017-02-17,253582,9907,1832,1265,175,0.354,100467
2017-02-18,159196,7596,1372,1156,176,0.114,76655
2017-02-19,138978,6190,979,878,141,0.437,59004
2017-02-20,211997,9561,1543,1259,217,0.443,92359
2017-02-21,240715,9991,1486,1583,153,0.296,95978
2017-02-22,256302,10343,1671,1506,251,0.335,98926
2017-02-23,251850,10563,1639,1564,230,0.336,111422
2017-02-24,237636,10214,1620,1544,147,0.2,103058
2017-02-25,154297,7807,1415,1242,185,-0.176,69748
2017-02-26,132308,6563,1105,1123,136,-0.124,65911
2017-02-27,215242,9180,1756,1506,185,-0.099,87545
2017-02-28,239824,10037,2010,1444,350,0.022,113957
2017-03-01,251279,9992,1993,1563,338,-0.023,103881
2017-03-02,248201,10102,2051,1523,306,-0.047,106821
2017-03-03,242300,10962,2076,1550,304,0.086,109630
2017-03-04,155193,7960,1275,1157,206,0.248,79578
2017-03-05,133142,6234,1212,1198,129,-0.641,73842
2017-03-06,221921,10329,1888,1568,234,-0.081,107986
2017-03-07,233452,9976,1709,1673,204,-0.133,97884
2017-03-08,244804,10836,1779,1877,205,-0.034,103028
2017-03-09,248268,11279,2002,1881,212,-0.172,110445
2017-03-10,231409,10159,1842,1425,215,0.207,104298
2017-03-11,145107,8479,1553,999,172,0.393,99255
2017-03-12,129251,6602,964,725,117,0.736,64137
2017-03-13,207298,5738,820,755,104,0.581,55467
2017-03-14,228712,8758,1475,1137,135,0.45,90386
2017-03-15,233293,10043,1626,1544,184,0.215,95596
2017-03-16,250129,10406,1656,1392,210,0.442,100850
2017-03-17,244747,10314,1665,1240,175,0.59,100099
2017-03-18,149403,7918,1221,929,142,0.513,74015
2017-03-19,122812,6571,948,917,181,0.416,67517
2017-03-20,204183,9230,1310,1203,195,0.526,92328
2017-03-21,227224,10416,1517,1277,142,0.732,99870
2017-03-22,235431,9512,1472,1370,152,0.439,97790
2017-03-23,225622,9240,1572,1418,148,0.184,93247
2017-03-24,213662,10127,1668,1695,218,0.049,103315
2017-03-25,131565,7255,1124,1260,126,0.02,71403
2017-03-26,112512,6044,911,996,80,0.133,56038
2017-03-27,197582,9310,1333,1562,191,0.174,91792
2017-03-28,225524,9206,1274,1523,146,0.142,96368
2017-03-29,235806,9125,1364,1477,164,0.243,111017
2017-03-30,228819,10054,1614,1284,194,0.457,98537
2017-03-31,218798,9577,1494,1293,147,0.476,92132
2017-04-01,128850,7203,1076,1195,99,0.111,75901
2017-04-02,115267,6621,936,1080,116,0.208,61728
2017-04-03,202802,9539,1368,1600,170,0.262,92243
2017-04-04,217217,9773,1401,1303,149,0.64,95949
2017-04-05,232485,10417,1643,1327,133,0.483,98413
2017-04-06,237903,10739,1821,1428,177,0.417,110604
2017-04-07,253934,10022,1442,1355,154,0.647,92777
2017-04-08,146811,9046,1141,1260,92,0.777,80527
2017-04-09,125083,6893,946,1134,116,0.265,63203
2017-04-10,211218,10885,1708,1598,187,0.362,106760
2017-04-11,231615,10741,1729,1626,180,0.135,98036
2017-04-12,227546,10412,1791,1425,205,0.322,93614
2017-04-13,221627,8791,1436,1106,154,0.563,79807
2017-04-14,178554,7818,1189,1021,108,0.374,66439
2017-04-15,121161,7172,1129,1089,107,0.176,61272
2017-04-16,113332,6536,920,895,99,0.428,60852
2017-04-17,172048,9465,1462,1342,215,0.236,99039
2017-04-18,211344,10424,1527,1412,140,0.693,106386
2017-04-19,208287,9199,1433,1316,136,0.374,88124
2017-04-20,219003,9149,1480,1428,138,0.175,86579
2017-04-21,219182,10388,1705,1310,155,0.426,102963
2017-04-22,127190,6913,1107,1029,140,0.261,61106
2017-04-23,114206,5898,958,808,133,0.293,62032
2017-04-24,203468,9663,1300,1588,140,0.211,106940
2017-04-25,228724,10128,1578,1501,177,0.292,96575
2017-04-26,232175,9403,1416,1219,115,0.692,94061
2017-04-27,237116,9315,1208,1494,138,0.395,107610
2017-04-28,221156,9214,1369,1368,98,0.4,94335
2017-04-29,139975,7525,1010,1158,76,0.425,70745
2017-04-30,116373,5705,769,788,84,0.595,50316
2017-05-01,182665,9493,1433,1394,126,0.245,85406
2017-05-02,213353,9511,1674,1365,124,0.159,89179
2017-05-03,227524,9663,1595,1326,219,0.309,93646
2017-05-04,206352,9267,1509,1338,135,0.236,95614
2017-05-05,195822,8748,1351,1594,126,0.004,94796
2017-05-06,128042,6953,986,1135,103,0.124,71424
2017-05-07,113246,5934,847,993,74,-0.041,67545
2017-05-08,197391,8642,1416,1352,136,0.159,89213
2017-05-09,213916,9340,1494,1377,153,0.34,89457
2017-05-10,217500,8579,1265,1289,123,0.269,75191
2017-05-11,213880,9079,1445,1322,184,0.218,94498
2017-05-12,210333,8885,1380,1256,137,0.317,85253
2017-05-13,131573,6576,1144,1167,135,-0.318,57801
2017-05-14,114093,6068,918,1058,128,-0.119,65988
2017-05-15,193338,8860,1357,1410,132,0.085,88901
2017-05-16,216533,9055,1299,1325,133,0.351,105176
2017-05-17,222681,8600,1341,1224,168,0.267,87604
2017-05-18,227310,9052,1433,1156,117,0.499,87827
2017-05-19,221734,8139,1380,1108,167,0.271,74082
2017-05-20,133735,6490,1007,884,121,0.186,59649
2017-05-21,122579,5881,912,864,158,0.107,56328
2017-05-22,207533,9362,1382,1317,244,0.377,89856
2017-05-23,211911,8282,1220,1256,132,0.238,75577
2017-05-24,222351,9284,1441,1337,146,0.22,84244
2017-05-25,227834,10304,1381,1413,200,0.442,98829
2017-05-26,209332,9552,1342,1353,159,0.323,92804
2017-05-27,140448,7372,980,1159,122,0.211,73539
2017-05-28,118964,6303,865,1171,89,-0.154,65212
2017-05-29,154889,8928,1336,1521,172,0.041,96118
2017-05-30,192295,8850,1308,1435,192,0.2,88042
2017-05-31,216016,9541,1305,1507,239,0.226,92703
2017-06-01,211660,8703,1281,1348,233,0.25,79279
2017-06-02,204060,8550,1265,1102,153,0.611,79051
2017-06-03,121443,7032,929,1155,114,0.192,70854
2017-06-04,107107,5759,810,877,81,0.337,58691
2017-06-05,195220,8530,1196,1354,140,0.299,87068
2017-06-06,215836,8637,1476,1377,224,0.047,84694
2017-06-07,225369,9381,1702,1723,289,-0.32,94998
2017-06-08,226102,10994,1653,2077,363,-0.143,113009
2017-06-09,218739,9878,1568,1604,320,0.077,95907
2017-06-10,125123,7478,1356,1279,283,-0.286,69522
2017-06-11,116119,5696,918,854,142,0.142,56954
2017-06-12,184142,8903,1337,1218,172,0.556,89160
2017-06-13,210742,8599,1363,1300,216,0.354,83350
2017-06-14,212582,8740,1290,1228,146,0.534,87631
2017-06-15,205353,9160,1372,1303,179,0.35,91563
2017-06-16,199247,10481,1507,1823,277,0.103,113690
2017-06-17,122391,7116,1084,1358,121,-0.312,68723
2017-06-18,109459,5519,792,930,110,-0.02,59002
2017-06-19,192062,10465,1300,1127,143,0.775,102612
2017-06-20,212972,9705,1245,1125,144,0.9,98305
2017-06-21,220540,9693,1329,1284,196,0.693,96792
2017-06-22,205938,8995,1186,1202,135,0.688,87385
2017-06-23,197777,8987,1287,1173,114,0.648,88199
2017-06-24,128503,7919,970,1166,71,0.528,88273
2017-06-25,107236,6269,732,1034,64,0.292,61870
2017-06-26,171328,8596,1055,1118,136,0.555,82368
2017-06-27,182357,7998,1319,871,151,0.695,77926
2017-06-28,192967,9890,1702,1476,305,0.103,93767
2017-06-29,190110,8707,1556,1192,277,0.249,86633
2017-06-30,189801,8175,1445,1203,245,0.146,87799
2017-07-01,120958,6283,1018,1021,168,0.005,66173
2017-07-02,104361,6035,960,915,134,0.19,60602
2017-07-03,157049,9369,1570,1379,211,0.247,84616
2017-07-04,159185,9147,1329,1093,151,0.795,77784
2017-07-05,178675,9322,1433,1067,152,0.689,77034
2017-07-06,202277,9941,1488,1246,125,0.634,81181
2017-07-07,197366,8314,1250,1219,121,0.404,66507
2017-07-08,130513,6913,1095,1301,136,-0.3,61293
2017-07-09,115017,6679,1011,1146,119,-0.113,64568
2017-07-10,174950,9688,1527,1678,171,-0.091,85835
2017-07-11,194351,11686,2186,2297,228,-0.581,123199
2017-07-12,203266,9374,1623,1788,167,-0.328,95455
2017-07-13,199576,9115,1601,1482,160,0.006,77295
2017-07-14,183146,8731,1343,1315,112,0.193,77645
2017-07-15,116544,7444,1137,1070,107,0.315,62356
2017-07-16,97753,5825,937,844,112,0.152,56075
2017-07-17,167750,9021,1470,1427,167,0.166,78909
2017-07-18,180265,8261,1486,1228,213,0.142,74001
2017-07-19,197040,8829,1621,1262,205,0.036,75563
2017-07-20,187491,8256,1421,981,151,0.47,73366
2017-07-21,181819,8301,1441,1065,121,0.389,76083
2017-07-22,124861,6630,1028,1015,109,0.195,58835
2017-07-23,106850,5394,820,849,75,0.167,52683
2017-07-24,178741,8558,1385,1285,148,0.231,85477
2017-07-25,197536,9321,1348,1259,142,0.595,90212
2017-07-26,195601,9152,1639,1188,106,0.498,84543
2017-07-27,190580,8685,1465,962,140,0.795,83658
2017-07-28,191545,8916,1582,1203,145,0.348,84142
2017-07-29,125763,7036,1297,979,88,0.255,60316
2017-07-30,110236,5771,1036,896,151,0.002,58615
2017-07-31,177609,9222,1840,1207,181,0.171,89544
2017-08-01,193063,9394,1554,1511,213,-0.039,91675
2017-08-02,205978,9496,1462,1502,156,0.149,86548
2017-08-03,196549,8782,1404,1308,163,0.287,77882
2017-08-04,188255,8732,1436,1309,127,0.182,81987
2017-08-05,119471,6893,1182,1178,215,-0.158,63461
2017-08-06,108604,6092,954,1123,136,-0.104,57844
2017-08-07,175521,8026,1331,1089,133,0.264,75617
2017-08-08,187411,8824,1608,1152,176,0.327,90530
2017-08-09,196468,9224,1552,1243,176,0.432,92549
2017-08-10,180764,8615,1381,1175,144,0.418,85524
2017-08-11,173620,9273,1452,1151,132,0.484,94432
2017-08-12,115151,7565,1315,876,103,0.442,70856
2017-08-13,102072,6447,1084,894,91,0.148,66635
2017-08-14,170884,9006,1348,1160,102,0.479,84351
2017-08-15,196530,7925,1121,1014,95,0.362,71265
2017-08-16,201068,8878,1294,1102,123,0.513,82937
2017-08-17,210090,9518,1556,1246,120,0.474,90988
2017-08-18,184592,8318,1381,1041,89,0.515,79357
2017-08-19,129944,7492,1125,920,108,0.611,59607
2017-08-20,106653,5400,820,641,72,0.53,49560
2017-08-21,173284,9018,1323,961,86,0.823,90108
2017-08-22,193528,9380,1486,1139,115,0.657,96222
2017-08-23,209958,9425,1493,975,136,0.839,83565
2017-08-24,200766,8395,1242,941,107,0.788,88143
2017-08-25,186569,7611,1011,1478,113,-0.114,82004
2017-08-26,120743,6771,897,1336,74,-0.171,66358
2017-08-27,103801,5351,804,1074,71,-0.394,51344
2017-08-28,170520,8709,1135,1515,62,0.281,97345
2017-08-29,205602,8238,1219,1191,78,0.506,77696
2017-08-30,208505,8529,1407,1138,73,0.483,78708
2017-08-31,188054,7646,1109,859,74,0.889,70154
2017-09-01,180953,8179,1220,1123,61,0.458,74690
2017-09-02,115610,6719,913,998,103,0.409,58799
2017-09-03,108107,6342,861,819,82,0.71,56259
2017-09-04,149347,7831,1201,1071,164,0.416,70118
2017-09-05,194916,9136,1425,1214,183,0.336,85866
2017-09-06,220380,11433,2091,2153,307,-0.528,125177
2017-09-07,214023,10105,1654,2038,215,-0.403,87718
2017-09-08,202823,9310,1599,1620,215,-0.237,82176
2017-09-09,120650,7365,1117,1327,139,-0.134,70364
2017-09-10,112963,7102,937,1186,74,0.076,66451
2017-09-11,194481,9199,1396,1324,185,0.198,85674
2017-09-12,210913,10939,1624,1601,131,0.358,96190
2017-09-13,219163,10499,1375,1415,151,0.644,91374
2017-09-14,218599,9593,1386,1504,130,0.347,77299
2017-09-15,197735,7997,1231,1231,128,0.163,63590
2017-09-16,128519,6418,977,1022,95,0.127,53060
2017-09-17,113886,5738,778,622,62,0.796,45822
2017-09-18,190296,7952,1227,1320,82,0.01,73806
2017-09-19,217193,8386,1343,1178,102,0.396,69808
2017-09-20,217593,8216,1267,1207,95,0.39,76890
2017-09-21,219481,9556,1439,1530,124,0.207,87099
2017-09-22,195318,8345,1242,1200,93,0.321,73796
2017-09-23,126544,7073,1075,1098,80,0.205,64337
2017-09-24,101785,5501,936,916,110,-0.216,52225
2017-09-25,185307,9151,1550,1317,221,0.232,91848
2017-09-26,196878,9613,1626,1284,171,0.387,93724
2017-09-27,196898,8380,1297,1256,159,0.25,74039
2017-09-28,191613,7677,1117,1126,101,0.418,66193
2017-09-29,181730,6416,844,901,69,0.533,71310
2017-09-30,111629,4838,631,700,57,0.436,41505
2017-10-01,94677,4754,660,539,38,0.856,41082
2017-10-02,169031,6319,931,871,130,0.29,52826
2017-10-03,197535,8795,1344,1698,166,-0.266,85530
2017-10-04,194242,7972,1355,1197,195,0.075,75614
2017-10-05,199117,8544,1504,1085,166,0.338,75792
2017-10-06,181047,7121,1062,998,98,0.433,65924
2017-10-07,118895,6176,888,799,109,0.401,56261
2017-10-08,103928,5430,782,625,93,0.577,50600
2017-10-09,166875,8269,1345,1126,127,0.377,83328
2017-10-10,187739,8365,1306,1072,126,0.576,80016
2017-10-11,197288,7992,1290,1254,187,0.176,76509
2017-10-12,207263,7779,1146,1144,147,0.386,71063
2017-10-13,200850,7807,1144,1214,166,0.235,79410
2017-10-14,123197,6452,1024,1015,110,-0.004,67919
2017-10-15,110257,5423,863,727,56,0.322,51616
2017-10-16,175511,7258,1144,992,93,0.378,66546
2017-10-17,207726,7488,1201,1102,129,0.235,66628
2017-10-18,199611,6187,811,821,80,0.487,50312
2017-10-19,206839,4914,653,565,59,0.79,49163
2017-10-20,201651,6270,877,809,75,0.635,54759
2017-10-21,119212,5032,790,723,98,0.242,45611
2017-10-22,111663,5625,781,741,69,0.589,51676
2017-10-23,197448,7826,1130,902,88,0.795,72254
2017-10-24,207608,8215,1104,835,121,1.057,76933
2017-10-25,210641,9568,1315,1163,120,0.663,99377
2017-10-26,215229,9009,1381,1313,110,0.322,80066
2017-10-27,195246,8663,1346,1270,104,0.372,71770
2017-10-28,117350,7509,1132,928,95,0.561,68771
2017-10-29,108236,6230,953,765,125,0.402,64723
2017-10-30,186795,8485,1315,981,152,0.619,75514
2017-10-31,209527,8178,1234,1046,120,0.614,72958
2017-11-01,217111,8624,1225,1219,115,0.579,76297
2017-11-02,209467,8863,1237,1253,111,0.57,80528
2017-11-03,207361,8821,1181,1080,95,0.824,77478
2017-11-04,124023,6564,976,912,74,0.506,53055
2017-11-05,112207,5343,801,855,79,0.254,45029
2017-11-06,189682,8952,1308,1129,124,0.696,79540
2017-11-07,216745,9143,1319,1276,163,0.452,82792
2017-11-08,220432,9247,1576,1361,306,0.203,93015
2017-11-09,218733,8472,1333,1112,129,0.431,80559
2017-11-10,213569,8462,1386,1072,173,0.467,79054
2017-11-11,134095,6785,942,886,79,0.525,61617
2017-11-12,119112,6075,922,901,111,0.265,58303
2017-11-13,189695,8640,1289,1141,167,0.422,88323
2017-11-14,212381,8968,1434,1143,127,0.414,83526
2017-11-15,217441,9427,1426,1219,187,0.401,90523
2017-11-16,209147,8422,1378,988,229,0.637,75838
2017-11-17,200440,8673,1434,1092,207,0.557,81206
2017-11-18,124096,6751,1128,1039,172,0.139,60358
2017-11-19,106910,5421,803,956,119,-0.064,47029
2017-11-20,176250,8530,1553,1103,240,0.451,74620
2017-11-21,206617,9572,1751,1488,157,0.084,90223
2017-11-22,202786,9027,1600,1328,150,0.196,88166
2017-11-23,157785,8791,1391,1210,146,0.567,86185
2017-11-24,155555,8571,1590,1359,143,0.062,82169
2017-11-25,102359,6399,1132,1030,133,-0.003,56051
2017-11-26,96875,5856,959,931,71,0.053,56046
2017-11-27,169809,8541,1425,1149,121,0.532,78561
2017-11-28,205685,9323,1469,1154,132,0.639,95049
2017-11-29,217768,9336,1422,1366,151,0.452,87891
2017-11-30,211088,7708,1159,1166,95,0.218,69969
2017-12-01,198981,8176,1111,1111,74,0.48,85882
2017-12-02,123112,6869,1059,825,104,0.483,64826
2017-12-03,100751,5921,922,869,83,0.253,58464
2017-12-04,174284,8518,1257,1036,129,0.586,85726
2017-12-05,206899,8698,1436,1264,161,0.202,81938
2017-12-06,211467,8664,1301,1127,102,0.553,77430
2017-12-07,219616,8403,1415,1061,117,0.42,83469
2017-12-08,205533,9049,1574,1395,200,0.108,82070
2017-12-09,121752,6962,1177,949,151,0.157,61483
2017-12-10,109288,6017,1030,794,112,0.316,57534
2017-12-11,166467,8576,1421,1238,148,0.269,70966
2017-12-12,189150,8389,1415,1140,110,0.322,75115
2017-12-13,198261,8669,1449,1154,129,0.413,83886
2017-12-14,190394,8673,1283,1419,147,0.048,80473
2017-12-15,179194,7777,1251,964,159,0.548,69169
2017-12-16,108845,6229,1014,986,109,0.179,60001
2017-12-17,98325,6112,1045,1026,115,-0.04,51946
2017-12-18,155814,8423,1388,1077,138,0.398,79692
2017-12-19,181380,8545,1360,1016,99,0.567,80722
2017-12-20,182187,7935,1219,1161,110,0.455,69737
2017-12-21,183171,8184,1369,913,117,0.76,76353
2017-12-22,165019,7998,1269,1002,130,0.612,74751
2017-12-23,104373,6878,1045,1072,120,0.264,68015
2017-12-24,87366,5534,758,718,69,0.525,48522
2017-12-25,82618,5831,818,822,45,0.472,50869
2017-12-26,109343,7220,962,1180,77,0.262,62653
2017-12-27,134988,7348,1296,958,148,0.346,63181
2017-12-28,141392,7384,1294,886,125,0.569,66729
2017-12-29,133245,6320,1000,863,78,0.384,65608
2017-12-30,92923,5740,1010,842,67,0.204,49908
2017-12-31,84997,5189,747,863,86,0.003,55368
2018-01-01,89230,5194,735,843,99,0.218,45256
2018-01-02,130115,7448,1303,1315,242,-0.315,72766
2018-01-03,165118,9407,1763,1726,414,-0.538,85010
2018-01-04,170555,8399,1555,1465,255,-0.38,76577
2018-01-05,163702,7071,1330,1033,166,0.021,65144
2018-01-06,112800,6239,1087,1052,114,-0.056,59329
2018-01-07,90275,5304,871,805,103,0.049,46584
2018-01-08,153991,7346,1056,1169,122,0.185,72218
2018-01-09,178440,7930,1235,1210,132,0.292,75041
2018-01-10,196069,8409,1191,1271,136,0.311,79420
2018-01-11,199107,9870,1517,1256,113,0.631,84450
2018-01-12,191476,8878,1452,1232,180,0.314,89479
2018-01-13,120849,6682,1051,974,120,0.205,67941
2018-01-14,104148,7596,933,788,88,0.928,82959
2018-01-15,157763,10402,1330,1398,196,0.568,98250
2018-01-16,192957,10047,1357,1361,150,0.559,90214
2018-01-17,201860,9583,1303,1382,132,0.4,84979
2018-01-18,200630,9741,1428,1468,165,0.384,88073
2018-01-19,198624,8994,1303,1549,137,0.178,82076
2018-01-20,130655,7395,1162,1328,148,-0.164,66052
2018-01-21,118569,6570,1040,1021,198,0.032,60819
2018-01-22,182587,9730,1471,1440,240,0.424,84477
2018-01-23,199894,10280,1646,1263,273,0.539,94531
2018-01-24,207690,9447,1583,1575,373,-0.005,84974
2018-01-25,208037,10674,1945,1792,462,-0.152,103810
2018-01-26,190703,7664,1050,1008,167,0.536,70092
2018-01-27,125998,6670,964,1122,157,0.065,66287
2018-01-28,111180,5600,879,815,108,0.232,52867
2018-01-29,167705,6797,1150,908,126,0.302,73309
2018-01-30,192625,7723,1227,1041,152,0.37,75610
2018-01-31,200943,7965,1252,1062,106,0.478,70314
2018-02-01,198967,7078,1071,823,83,0.756,74438
2018-02-02,194100,7164,1156,1116,159,0.187,72825
2018-02-03,121916,6935,1156,1253,184,-0.149,63011
2018-02-04,103250,6189,898,1004,103,0.197,56359
2018-02-05,172387,8727,1442,1205,176,0.333,78624
2018-02-06,195451,8808,1429,1481,186,0.09,90301
2018-02-07,197532,9112,1618,1098,173,0.516,89901
2018-02-08,196766,8839,1445,1124,177,0.487,88294
2018-02-09,188706,9267,1414,1216,178,0.519,87193
2018-02-10,134515,7688,1104,1062,113,0.331,79592
2018-02-11,112227,6349,813,850,85,0.59,70994
2018-02-12,180483,8826,1398,1357,171,0.223,82774
2018-02-13,199424,8549,1423,1253,112,0.286,78197
2018-02-14,204859,8819,1351,1347,149,0.301,81553
2018-02-15,201352,10085,1774,1283,219,0.367,94459
2018-02-16,196183,9735,1582,1004,205,0.675,95101
2018-02-17,129847,8843,1268,1020,138,0.758,83429
2018-02-18,109415,6842,921,886,136,0.619,62428
2018-02-19,162497,10256,1434,1243,167,0.797,91409
2018-02-20,199615,11213,1701,1349,154,0.667,124601
2018-02-21,208986,11400,1654,1197,146,0.793,111777
2018-02-22,207430,11026,1819,1478,176,0.357,99205
2018-02-23,199448,10431,1584,1460,166,0.415,104699
2018-02-24,131870,7376,1336,967,128,0.267,66772
2018-02-25,111294,5937,806,854,81,0.288,57215
2018-02-26,173936,8031,1224,880,162,0.642,80732
2018-02-27,192802,8898,1331,1145,164,0.43,90307
2018-02-28,212039,8943,1182,1216,118,0.704,81651
2018-03-01,212538,8710,1233,1039,146,0.765,78042
2018-03-02,197188,5872,904,853,97,0.242,57947
2018-03-03,126497,6945,1015,786,100,0.622,66329
2018-03-04,102596,5523,813,729,103,0.408,50151
2018-03-05,185848,8549,1493,1066,268,0.243,86505
2018-03-06,215728,10187,1724,1263,303,0.36,97340
2018-03-07,221251,10443,1795,1563,305,0.118,101057
2018-03-08,211789,9633,1443,1138,175,0.772,91693
2018-03-09,215623,9582,1326,1303,154,0.585,87814
2018-03-10,135383,7671,1052,1044,190,0.582,72638
2018-03-11,116516,6634,845,676,135,1.109,62589
2018-03-12,188545,8733,1274,1014,249,0.832,88309
2018-03-13,215280,8665,1362,1169,215,0.37,81815
2018-03-14,228245,9007,1529,1124,166,0.419,82078
2018-03-15,219724,9056,1632,1191,200,0.33,80981
2018-03-16,207864,8352,1432,1037,156,0.521,81969
2018-03-17,130929,7161,1261,912,133,0.446,63817
2018-03-18,111789,5470,976,718,90,0.248,51450
2018-03-19,193156,8917,1636,1147,244,0.384,84216
2018-03-20,205482,9237,1715,1321,290,0.123,84063
2018-03-21,212364,8707,1484,1230,234,0.318,82173
2018-03-22,206095,8437,1477,1000,190,0.5,76252
2018-03-23,197967,8606,1567,1097,236,0.3,78197
2018-03-24,123346,7380,1205,1186,162,0.206,72391
2018-03-25,112579,5921,923,914,182,0.019,49888
2018-03-26,184903,7931,1377,1252,239,-0.115,68574
2018-03-27,211125,8318,1375,968,173,0.548,76642
2018-03-28,212943,8901,1448,1130,187,0.465,80395
2018-03-29,207428,8117,1276,1191,173,0.23,77744
2018-03-30,168488,7629,1280,1127,173,0.178,69792
2018-03-31,111976,6742,1155,1110,211,-0.261,61342
2018-04-01,97414,6139,1089,1197,202,-0.614,66072
2018-04-02,156585,10154,2214,1939,765,-0.88,105440
2018-04-03,196620,10275,1938,1921,517,-0.555,101977
2018-04-04,218430,8981,1693,1219,340,0.151,85064
2018-04-05,213964,9313,1617,1777,342,-0.199,109649
2018-04-06,196165,9262,1622,1389,256,0.113,84262
2018-04-07,123233,8028,1377,1155,227,0.349,79718
2018-04-08,112865,6568,1340,943,309,-0.077,59540
2018-04-09,191000,9514,1723,1329,347,0.142,84259
2018-04-10,219625,9299,1734,1346,331,0.163,85054
2018-04-11,220187,9807,1777,1522,428,-0.011,83685
2018-04-12,228599,11276,2270,1689,633,-0.155,102639
2018-04-13,210007,10791,2048,1950,417,-0.419,98995
2018-04-14,150670,7889,1456,1413,289,-0.447,71669
2018-04-15,119111,6421,1366,1170,353,-0.629,66236
2018-04-16,192288,9615,1732,1504,323,0.055,81606
2018-04-17,210321,9102,1522,1459,237,0.023,82467
2018-04-18,222263,9699,1491,1356,220,0.369,93603
2018-04-19,222675,10159,1831,1536,215,0.055,94874
2018-04-20,197672,8575,1544,1290,188,-0.034,80011
2018-04-21,127372,7278,1308,1484,136,-0.551,77401
2018-04-22,112212,6434,1101,1265,108,-0.462,68789
2018-04-23,184329,8676,1592,1385,126,0.001,82239
2018-04-24,219673,9074,1333,1563,125,0.059,81818
2018-04-25,211877,9082,1289,1876,79,-0.101,83685
2018-04-26,205621,8360,1389,1198,124,0.137,80762
2018-04-27,198288,8278,1289,1252,120,0.205,77507
2018-04-28,123086,6314,1009,887,181,0.288,61284
2018-04-29,110830,5475,848,785,92,0.194,51113
2018-04-30,189694,7892,1223,1138,124,0.346,67034
2018-05-01,199366,7242,1287,987,118,0.149,68511
2018-05-02,202255,7877,1165,1269,142,0.168,73263
2018-05-03,204775,8579,1438,1308,170,0.061,77989
2018-05-04,194975,8322,1446,1173,158,0.271,71235
2018-05-05,120604,6893,1197,1155,137,-0.28,81797
2018-05-06,107468,6208,1072,999,144,-0.145,62837
2018-05-07,177815,8521,1556,1457,190,-0.194,82387
2018-05-08,207174,8241,1502,1248,172,0.032,72064
2018-05-09,239009,9033,1488,1089,157,0.59,78779
2018-05-10,234159,9634,1469,1195,130,0.518,89558
2018-05-11,211101,8958,1232,1276,151,0.433,81758
2018-05-12,124768,6964,1018,1126,80,-0.01,67104
2018-05-13,112331,5958,997,898,104,-0.002,56182
2018-05-14,194185,8563,1442,1346,115,0.013,91121
2018-05-15,218357,8861,1397,1020,117,0.729,87301
2018-05-16,228162,8643,1402,935,119,0.799,88548
2018-05-17,217038,8921,1689,1197,274,0.226,94077
2018-05-18,203678,8928,1554,1123,273,0.354,98122
2018-05-19,122205,6998,1199,826,125,0.545,74659
2018-05-20,101190,6171,935,782,86,0.519,62630
2018-05-21,177423,8697,1133,1078,84,0.692,82159
2018-05-22,200024,9225,1396,1195,195,0.446,89301
2018-05-23,209356,9665,1730,1188,333,0.253,105413
2018-05-24,213937,9026,1678,1204,380,0.178,86606
2018-05-25,195680,8328,1334,1034,254,0.442,76328
2018-05-26,117547,6500,1002,907,165,0.128,58897
2018-05-27,106033,5271,924,642,116,0.429,48399
2018-05-28,136751,7893,1222,1085,218,0.34,74475
2018-05-29,188601,8349,1281,1206,187,0.3,75849
2018-05-30,205860,8557,1312,1214,157,0.263,85006
2018-05-31,201043,8073,1281,1062,117,0.592,79602
2018-06-01,191189,7815,1154,1224,146,0.364,71295
2018-06-02,118852,6226,958,955,144,0.113,56332
2018-06-03,101712,4845,767,760,110,0.054,49692
2018-06-04,171211,7609,1058,1060,110,0.412,69036
2018-06-05,195302,7997,1183,1060,91,0.56,74749
2018-06-06,203907,9243,1394,1392,139,0.409,86690
2018-06-07,202094,8318,1249,1201,84,0.443,80517
2018-06-08,197476,7817,1190,1220,90,0.284,72353
2018-06-09,120663,6111,813,965,78,0.41,53785
2018-06-10,112373,5016,702,725,55,0.392,44963
2018-06-11,190569,7794,1168,1109,95,0.393,80492
2018-06-12,203877,8043,1223,1160,151,0.243,79288
2018-06-13,206311,8647,1394,1230,143,0.358,85201
2018-06-14,202307,8759,1343,1433,101,0.081,89471
2018-06-15,180537,8377,1358,1413,128,-0.069,89196
2018-06-16,107341,6276,894,1038,104,-0.014,61164
2018-06-17,93777,5548,837,802,128,0.259,56505
2018-06-18,167902,8016,1291,1190,236,0.114,77063
2018-06-19,192540,8551,1297,1123,161,0.719,82386
2018-06-20,207987,8801,1290,1253,121,0.484,90187
2018-06-21,205580,8047,1140,906,84,1.002,78977
2018-06-22,198198,8261,1219,1290,89,0.324,89112
2018-06-23,117688,6832,1071,1194,185,-0.06,65090
2018-06-24,103016,6158,944,1074,151,-0.093,53471
2018-06-25,172916,8132,1121,1265,114,0.434,76044
2018-06-26,200161,8285,1306,1151,167,0.493,77184
2018-06-27,205621,8099,1086,1095,88,0.652,84791
2018-06-28,207904,8926,1196,1200,109,0.602,90812
2018-06-29,192091,7884,1211,1113,136,0.437,74388
2018-06-30,117519,5907,901,817,99,0.525,55858
2018-07-01,101309,4797,658,732,68,0.256,55663
2018-07-02,170313,7751,1202,1241,130,0.208,80795
2018-07-03,186724,8267,1307,1096,104,0.47,85735
2018-07-04,159591,7657,1110,1017,94,0.488,83234
2018-07-05,180283,8206,1224,1113,109,0.512,79641
2018-07-06,180134,7619,1088,1153,111,0.434,67980
2018-07-07,109896,6295,996,1059,106,0.019,58238
2018-07-08,99131,5728,808,877,75,0.33,54895
2018-07-09,170492,8547,1288,1257,110,0.347,78833
2018-07-10,193561,7636,1088,1029,80,0.62,76368
2018-07-11,201531,7487,1165,1243,81,0.234,73941
2018-07-12,201920,8719,1313,1015,116,0.642,85955
2018-07-13,189827,7809,1217,933,90,0.646,75338
2018-07-14,111578,6127,923,774,86,0.546,55083
2018-07-15,83602,4524,563,606,31,0.719,41714
2018-07-16,173859,7533,1217,936,117,0.508,74882
2018-07-17,187765,7792,1261,1106,168,0.263,80163
2018-07-18,194640,8152,1326,1189,166,0.193,81715
2018-07-19,199770,8032,1399,1093,174,0.269,79862
2018-07-20,187020,7372,1341,950,114,0.332,74845
2018-07-21,116639,5936,1015,831,99,0.272,62692
2018-07-22,103144,5496,937,865,98,-0.049,48638
2018-07-23,176803,7375,1249,1140,189,0.183,75521
2018-07-24,198556,8642,1489,1204,269,0.144,84115
2018-07-25,194213,8241,1344,1322,199,-0.021,82312
2018-07-26,196959,8238,1386,1100,123,0.28,82184
2018-07-27,183549,7389,1194,969,123,0.331,73609
2018-07-28,115083,6293,1005,781,94,0.511,61390
2018-07-29,101090,5316,808,801,91,0.292,54896
2018-07-30,170091,8140,1286,1131,165,0.228,81134
2018-07-31,196236,8536,1520,1099,211,0.331,82246
2018-08-01,202768,8759,1601,1074,264,0.348,89594
2018-08-02,195713,8501,1480,1152,208,0.279,77385
2018-08-03,180786,8302,1477,1208,192,0.09,78629
2018-08-04,114819,6671,1196,1029,174,-0.076,64215
2018-08-05,97576,5347,969,801,126,-0.03,46980
2018-08-06,175543,8460,1406,1337,133,0.093,86644
2018-08-07,195923,9637,1660,1382,238,0.183,97323
2018-08-08,203847,9694,1431,1268,129,0.489,92535
2018-08-09,192945,8452,1350,1322,194,0.166,77117
2018-08-10,177659,8336,1275,1270,188,0.338,97514
2018-08-11,108207,6589,1155,843,170,0.298,64130
2018-08-12,96264,5519,849,750,84,0.437,54385
2018-08-13,165251,7822,1292,1145,109,0.204,74502
2018-08-14,178416,7780,1117,1049,75,0.424,70800
2018-08-15,183262,6735,710,916,52,0.639,75797
2018-08-16,187871,9147,909,878,72,1.177,97319
2018-08-17,173519,9448,863,1045,74,1.055,117074
2018-08-18,111395,7487,682,872,64,1.434,96615
2018-08-19,99475,6339,653,967,63,0.923,78154
2018-08-20,167855,9127,893,1186,51,1.211,102512
2018-08-21,177160,8264,988,1035,70,1.032,91168
2018-08-22,193590,7913,962,1028,72,0.864,81041
2018-08-23,195232,8302,1061,838,76,1.092,85289
2018-08-24,181519,7855,1161,926,81,0.897,76626
2018-08-25,123841,6497,1031,839,86,0.576,60307
2018-08-26,116919,5096,798,759,57,0.255,47718
2018-08-27,173482,7896,1070,1029,73,0.716,80351
2018-08-28,203930,9708,1307,1801,117,0.144,87450
2018-08-29,212204,10838,1616,2319,196,-0.238,107955
2018-08-30,207020,10079,1434,1832,185,0.164,92737
2018-08-31,192435,8686,1248,1379,142,0.385,76951
2018-09-01,122543,6222,945,1047,68,0.144,55293
2018-09-02,104408,5510,717,762,57,0.673,49013
2018-09-03,146858,7146,1005,1192,89,0.328,70652
2018-09-04,179211,8741,1311,1294,118,0.487,88941
2018-09-05,204188,9010,1450,1224,228,0.38,92470
2018-09-06,200450,9572,1494,1236,213,0.555,121943
2018-09-07,195007,8582,1163,1304,141,0.48,83964
2018-09-08,121069,6589,1013,1025,212,0.18,58977
2018-09-09,113607,6189,1034,920,167,0.189,57218
2018-09-10,171941,8801,1832,1371,567,-0.161,79754
2018-09-11,192888,8470,1534,1285,266,0.048,81230
2018-09-12,200557,8547,1448,1284,151,0.263,73619
2018-09-13,197814,7185,1140,1155,98,0.161,71752
2018-09-14,188132,7809,1219,978,134,0.665,77045
2018-09-15,118127,6821,1160,1042,108,0.044,64038
2018-09-16,99276,5355,843,826,98,0.176,54526
2018-09-17,173619,7956,1199,1058,134,0.518,75398
2018-09-18,197773,7318,1183,976,132,0.45,74363
2018-09-19,199798,8185,1331,1154,155,0.473,81246
2018-09-20,203534,9296,1497,1349,137,0.253,93399
2018-09-21,190077,8951,1360,1511,128,0.062,96778
2018-09-22,119300,7030,1186,1073,86,0.227,63523
2018-09-23,110934,6205,888,1003,67,0.293,58138
2018-09-24,178847,8446,1294,1218,93,0.377,80090
2018-09-25,205206,8343,1325,1084,117,0.573,76362
2018-09-26,207288,7836,1203,860,155,0.753,80913
2018-09-27,205864,7646,1132,1119,90,0.37,82017
2018-09-28,192031,8862,1464,1413,138,0.187,100799
2018-09-29,117018,6467,1067,1078,91,0.08,64625
2018-09-30,102451,5866,884,1016,55,0.034,57382
2018-10-01,171015,8055,1176,1185,105,0.474,77621
2018-10-02,186125,7886,1252,1187,219,0.206,77151
2018-10-03,198546,8962,1415,1279,201,0.442,86414
2018-10-04,201894,8881,1454,1162,128,0.673,86888
2018-10-05,191263,9251,1351,1122,133,0.834,107108
2018-10-06,118132,6464,1037,869,116,0.34,58692
2018-10-07,110725,5158,868,767,130,0.092,47504
2018-10-08,165591,7699,1238,1173,190,0.222,72707
2018-10-09,189280,8681,1591,1378,166,0.064,83863
2018-10-10,196139,7941,1399,1197,123,0.28,76795
2018-10-11,195407,7642,1263,997,137,0.465,80276
2018-10-12,188556,7655,1290,1006,131,0.375,75368
2018-10-13,115338,5835,947,895,121,0.151,57437
2018-10-14,104728,5072,802,723,141,0.197,51005
2018-10-15,178577,8497,1596,1063,233,0.362,85860
2018-10-16,200553,7730,1249,1038,180,0.533,81137
2018-10-17,205898,7747,1298,1334,172,-0.073,100217
2018-10-18,206978,6439,1142,955,132,0.195,73217
2018-10-19,205275,5933,968,805,116,0.319,80392
2018-10-20,122105,5764,921,768,91,0.338,65626
2018-10-21,107727,5221,973,885,149,-0.399,52782
2018-10-22,183438,7603,1333,1226,167,-0.021,73903
2018-10-23,205395,7973,1372,1206,201,0.242,72794
2018-10-24,199483,7003,1051,1057,76,0.43,67251
2018-10-25,201639,7651,1357,1134,137,0.186,73653
2018-10-26,190602,8001,1603,1184,323,0.026,81483
2018-10-27,122582,6572,1344,907,171,0.017,65327
2018-10-28,106947,5784,1078,812,107,0.097,54149
2018-10-29,182318,8378,1402,1004,121,0.565,79841
2018-10-30,203872,8374,1402,1114,94,0.392,82923
2018-10-31,213540,8067,1274,1117,122,0.268,86396
2018-11-01,207416,8642,1367,1081,166,0.571,79609
2018-11-02,197995,7736,1447,1128,195,-0.062,77593
2018-11-03,126532,5895,999,842,104,0.253,54704
2018-11-04,109658,5028,889,772,104,-0.08,49406
2018-11-05,176648,6563,1067,880,85,0.443,62609
2018-11-06,187704,6247,903,802,119,0.552,58258
2018-11-07,216378,5132,651,588,85,0.692,46615
2018-11-08,202129,5743,890,666,110,0.676,65565
2018-11-09,197178,6388,1053,778,202,0.45,65357
2018-11-10,133328,6477,1083,964,247,-0.01,56827
2018-11-11,116282,5473,772,827,78,0.31,48470
2018-11-12,177773,7771,1219,1047,133,0.445,77378
2018-11-13,197544,7286,1092,962,84,0.546,67390
2018-11-14,201606,8091,1153,857,136,0.887,79668
2018-11-15,198772,7128,1064,861,93,0.808,63861
2018-11-16,186031,7726,1255,1031,160,0.485,72038
2018-11-17,124129,6368,1057,881,133,0.383,59252
2018-11-18,106241,5806,969,1097,97,-0.303,68917
2018-11-19,166667,8032,1393,1185,160,0.123,78475
2018-11-20,187439,7898,1284,1173,113,0.242,80232
2018-11-21,194447,8371,1325,1407,145,-0.026,94889
2018-11-22,153154,7667,1230,1118,114,0.21,84634
2018-11-23,147274,8165,1358,1269,124,0.05,91566
2018-11-24,105884,6555,1064,961,120,0.128,65569
2018-11-25,101766,6281,1002,1074,97,-0.249,62422
2018-11-26,168527,8729,1360,1447,81,-0.081,85318
2018-11-27,197562,8401,1335,1108,150,0.398,80927
2018-11-28,206516,8335,1293,1122,136,0.281,79519
2018-11-29,208318,8403,1342,973,199,0.535,78707
2018-11-30,200918,8192,1374,862,218,0.615,79785
2018-12-01,129609,6455,978,614,122,0.91,64730
2018-12-02,104158,5039,814,551,93,0.568,44382
2018-12-03,170433,7652,1275,1063,167,0.282,71109
2018-12-04,195093,8799,1510,1292,185,0.147,84390
2018-12-05,195348,8408,1336,1206,135,0.222,78302
2018-12-06,195534,8741,1386,1173,132,0.365,80447
2018-12-07,180675,7424,1310,926,122,0.355,67633
2018-12-08,108704,5133,823,810,68,-0.052,44538
2018-12-09,93221,4981,792,750,110,0.022,47661
2018-12-10,156294,7512,1218,952,77,0.564,78509
2018-12-11,178492,7557,1079,886,95,0.702,82450
2018-12-12,187741,7449,960,766,82,1.04,74661
2018-12-13,178775,7281,1001,779,115,0.872,72199
2018-12-14,178755,7027,1110,783,103,0.82,75924
2018-12-15,109223,5894,1000,936,95,-0.001,75460
2018-12-16,93859,5255,857,660,89,0.403,54035
2018-12-17,152293,7811,1246,1299,165,0.121,86057
2018-12-18,174002,8416,1399,1266,180,0.256,80368
2018-12-19,180182,7196,1304,1001,140,0.267,68362
2018-12-20,183135,7318,1300,973,161,0.367,76681
2018-12-21,173225,7784,1449,1061,131,0.295,80237
2018-12-22,103245,5936,953,845,109,0.26,62930
2018-12-23,86031,4642,770,601,94,0.377,48283
2018-12-24,108406,6405,1028,792,107,0.503,59649
2018-12-25,79953,4853,720,712,88,0.249,45743
2018-12-26,104000,6330,881,830,105,0.616,64607
2018-12-27,130108,6228,1073,821,139,0.391,64681
2018-12-28,134533,6888,1097,908,129,0.506,68883
2018-12-29,97931,5344,777,786,58,0.455,48241
2018-12-30,87347,4787,725,780,61,0.125,49699
2018-12-31,110162,5889,995,935,114,0.092,62801
2019-01-01,87330,5178,769,856,83,0.085,49233
2019-01-02,128438,7009,1217,1032,231,0.081,79077
2019-01-03,151902,7345,1383,1220,246,-0.128,79571
2019-01-04,150275,7218,1226,1011,193,0.359,71957
2019-01-05,97646,5471,900,817,123,0.129,50590
2019-01-06,90044,4870,923,594,129,0.241,45769
2019-01-07,143369,7039,1489,706,235,0.371,68114
2019-01-08,172619,8294,1570,1094,350,0.113,83284
2019-01-09,179524,7568,1267,908,257,0.561,75202
2019-01-10,178069,7744,1317,806,166,0.799,76038
2019-01-11,171765,7687,1278,884,204,0.68,74166
2019-01-12,113269,6253,1126,685,138,0.56,53562
2019-01-13,99453,5249,941,715,111,0.226,48624
2019-01-14,163386,6976,1195,890,154,0.415,68060
2019-01-15,186182,7004,1191,759,101,0.643,69650
2019-01-16,190415,7565,1255,849,145,0.844,79173
2019-01-17,187881,7614,1112,1002,117,0.68,72698
2019-01-18,183600,7228,1143,849,129,0.675,80888
2019-01-19,122239,5998,1043,635,125,0.657,51440
2019-01-20,100257,4884,827,645,73,0.261,45309
2019-01-21,152609,7809,1321,903,171,0.587,71304
2019-01-22,178049,7946,1230,928,166,0.663,71827
2019-01-23,187571,7287,1115,874,145,0.643,62090
2019-01-24,194040,7587,1201,955,159,0.67,64138
2019-01-25,181627,7381,1144,1003,97,0.464,62771
2019-01-26,115073,5269,744,697,98,0.458,51007
2019-01-27,100199,4448,687,568,93,0.449,38870
2019-01-28,162778,6718,1061,723,98,0.788,59596
2019-01-29,194275,8475,1200,946,143,0.778,77560
2019-01-30,193258,7856,1367,910,211,0.497,73733
2019-01-31,189310,7543,1394,939,173,0.254,71719
2019-02-01,183755,6961,1062,823,165,0.708,73143
2019-02-02,113547,6181,1037,1023,131,0.161,59674
2019-02-03,101949,6272,1230,833,249,0.115,60743
2019-02-04,163180,8242,1531,1141,290,0.275,88123
2019-02-05,188833,9021,1600,1098,261,0.398,89043
2019-02-06,196629,7727,1399,979,165,0.34,72594
2019-02-07,188393,7887,1396,944,158,0.356,70574
2019-02-08,182693,8030,1356,925,175,0.588,75524
2019-02-09,117580,6842,1164,859,195,0.334,58420
2019-02-10,104687,6212,1189,846,216,0.139,59264
2019-02-11,168828,8326,1477,917,349,0.501,79656
2019-02-12,193566,9061,1481,1233,229,0.255,93669
2019-02-13,201064,9072,1471,1126,282,0.458,79402
2019-02-14,206976,9135,1614,1509,172,-0.091,89932
2019-02-15,196810,11723,2222,2276,304,-0.574,134939
2019-02-16,136098,9345,1621,1809,265,-0.509,92166
2019-02-17,103355,7697,1305,1436,154,-0.317,73493
2019-02-18,165863,10652,1772,1995,209,-0.283,105182
2019-02-19,196440,11751,2029,1872,153,0.032,102765
2019-02-20,208690,11639,1881,1755,146,0.251,97125
2019-02-21,204130,10102,1638,1640,129,0.194,89881
2019-02-22,195509,9750,1743,1798,146,-0.242,89007
2019-02-23,126028,7726,1431,1509,189,-0.528,82601
2019-02-24,111995,6582,1048,1116,136,-0.123,63817
2019-02-25,177704,8081,1441,1145,135,0.162,82508
2019-02-26,200978,11345,1849,2370,129,-0.752,131238
2019-02-27,219764,11887,1804,2972,105,-1.074,131422
2019-02-28,216020,12276,1727,2362,117,-0.091,129782
2019-03-01,198112,11349,1530,2000,152,0.159,111267
2019-03-02,126470,8493,1118,1647,104,-0.079,70245
2019-03-03,107801,7112,1029,1428,115,-0.446,58842
2019-03-04,177618,9204,1476,1582,105,-0.042,75051
2019-03-05,191841,9853,1651,1859,156,-0.344,86765
2019-03-06,195920,9034,1492,1417,157,0.111,85415
2019-03-07,198014,9473,1621,1628,156,-0.1,84626
2019-03-08,189491,8692,1533,1185,100,0.331,80931
2019-03-09,121200,6844,1219,1037,107,0.035,61151
2019-03-10,104689,5890,937,895,105,0.114,54146
2019-03-11,174021,8262,1316,1180,121,0.356,72530
2019-03-12,195656,9068,1453,1173,137,0.431,91977
2019-03-13,196746,9318,1616,1374,109,0.234,80950
2019-03-14,205015,9449,1749,1262,164,0.566,82332
2019-03-15,197076,8352,1786,1122,192,0.074,74070
2019-03-16,122257,6624,1344,1023,139,0.006,62291
2019-03-17,109071,6672,1153,982,99,0.14,64228
2019-03-18,184499,8013,1205,1117,106,0.454,79780
2019-03-19,208372,8157,1351,1196,129,0.309,78519
2019-03-20,205926,8001,1559,1130,161,0.163,73068
2019-03-21,193171,5318,1010,844,77,-0.083,42356
2019-03-22,187355,6726,1312,1277,93,-0.234,58166
2019-03-23,122933,5762,1322,1039,119,-0.487,45773
2019-03-24,106273,5286,1184,803,77,-0.171,44910
2019-03-25,183055,7518,1348,1035,119,0.426,73643
2019-03-26,202167,7603,1555,893,125,0.313,72290
2019-03-27,202799,7550,1344,1031,93,0.222,77454
2019-03-28,194716,7675,1471,1200,121,0.047,70879
2019-03-29,193060,7729,1459,1114,100,0.244,73214
2019-03-30,117283,5844,1134,840,101,0.003,52685
2019-03-31,103862,5550,1303,657,113,0.114,48319
2019-04-01,166698,7199,1460,1078,94,-0.095,65005
2019-04-02,184836,7924,1625,1072,116,0.227,79376
2019-04-03,194130,8239,1708,1051,165,0.135,78321
2019-04-04,195123,7943,1617,1089,88,0.155,75107
2019-04-05,175653,7364,1514,1121,106,-0.086,68651
2019-04-06,121280,5872,1216,877,93,-0.114,51350
2019-04-07,104829,5621,1176,831,140,-0.2,56051
2019-04-08,174208,7008,1393,941,109,0.249,64172
2019-04-09,191591,8385,1634,1271,120,0.004,76209
2019-04-10,195329,7861,1671,1221,187,-0.176,85622
2019-04-11,206896,7817,1494,1201,140,-0.229,83744
2019-04-12,191742,7711,1449,1120,111,0.04,84781
2019-04-13,115590,6747,1361,896,140,0.044,67068
2019-04-14,100375,5225,1048,645,73,0.063,53679
2019-04-15,164556,6311,1239,785,86,0.25,59184
2019-04-16,181439,7598,1500,1021,125,0.254,73266
2019-04-17,194020,7888,1597,1179,81,-0.049,82085
2019-04-18,188878,8237,1717,1232,138,-0.115,87985
2019-04-19,153155,7086,1512,1120,122,-0.221,61668
2019-04-20,103334,6076,1524,829,120,-0.273,57005
2019-04-21,95794,5257,1179,783,74,-0.217,42278
2019-04-22,146849,7178,1544,1006,139,0.036,70695
2019-04-23,179237,7939,1845,1232,145,-0.305,77877
2019-04-24,196126,7328,1484,1084,117,0.018,69620
2019-04-25,195837,7547,1516,1096,104,0.162,65749
2019-04-26,178876,7422,1491,1057,110,-0.029,74191
2019-04-27,110058,5846,1240,782,89,0.038,55287
2019-04-28,100781,5103,1112,805,83,-0.296,43907
2019-04-29,166836,7250,1419,1223,127,-0.297,69203
2019-04-30,184403,7451,1448,1245,122,-0.103,65244
2019-05-01,191570,8189,1551,1482,101,-0.313,76521
2019-05-02,195194,7831,1443,1484,87,-0.284,70499
2019-05-03,178238,7152,1295,1230,72,-0.045,64905
2019-05-04,111498,5877,1018,899,77,0.108,53377
2019-05-05,103217,5461,1033,896,52,-0.08,44057
2019-05-06,158154,6955,1250,1014,93,0.138,68586
2019-05-07,186515,7211,1360,882,183,0.359,66653
2019-05-08,192322,6741,1252,967,118,0.112,64882
2019-05-09,188309,7089,1531,836,148,0.208,67550
2019-05-10,179711,7075,1265,996,127,0.075,70698
2019-05-11,107696,5363,990,844,104,-0.057,48705
2019-05-12,96301,4969,1028,894,77,-0.555,49612
2019-05-13,167516,6553,1283,939,169,-0.013,66754
2019-05-14,193987,8059,1479,1297,156,-0.046,84869
2019-05-15,194376,7134,1496,1155,167,-0.188,72659
2019-05-16,191153,7232,1498,1240,163,-0.416,70118
2019-05-17,178275,7057,1362,1150,108,-0.162,63021
2019-05-18,107703,5661,987,841,99,0.113,55020
2019-05-19,94918,5571,984,941,66,-0.241,54436
2019-05-20,159994,6612,1178,936,67,0.176,69670
2019-05-21,180705,7310,1090,1051,72,0.258,78976
2019-05-22,190492,6840,1116,1025,66,0.151,67692
2019-05-23,190975,8567,1619,941,88,0.513,101232
2019-05-24,180028,7704,1262,919,87,0.657,83818
2019-05-25,106578,5631,805,792,43,0.467,60804
2019-05-26,99071,5513,730,866,48,0.242,55383
2019-05-27,134869,6888,1001,989,67,0.297,66717
2019-05-28,171317,8090,1154,1006,97,0.632,81080
2019-05-29,183597,8044,1053,961,90,0.71,83107
2019-05-30,187683,8466,968,964,45,0.924,79835
2019-05-31,176780,7480,973,792,69,1.036,74754
2019-06-01,112581,5729,741,702,52,0.682,59567
2019-06-02,99138,4714,665,596,78,0.466,47869
2019-06-03,163708,6874,944,768,76,0.755,74154
2019-06-04,182105,7228,993,823,50,0.785,67049
2019-06-05,187989,5704,737,711,69,0.685,55864
2019-06-06,188724,6835,1010,805,103,0.634,60342
2019-06-07,168925,7094,981,853,88,0.754,68949
2019-06-08,104875,6052,749,758,77,0.606,60240
2019-06-09,93828,6117,852,874,125,0.29,68657
2019-06-10,154994,7638,1081,1356,146,-0.032,77404
2019-06-11,175865,7584,1181,1346,125,0.078,76034
2019-06-12,191480,7688,1045,1247,139,0.284,80452
2019-06-13,193674,7614,1148,1149,145,0.319,81073
2019-06-14,179068,8733,1624,1162,395,0.213,92266
2019-06-15,108534,6527,1025,772,174,0.52,74863
2019-06-16,95289,5223,681,627,79,0.731,62772
2019-06-17,155458,7334,1168,1012,271,0.263,85206
2019-06-18,182183,7260,1070,1076,188,0.239,73663
2019-06-19,199103,7279,1083,1070,164,0.291,70282
2019-06-20,193377,7552,1156,1029,116,0.363,75796
2019-06-21,178079,7638,1112,1002,109,0.504,87692
2019-06-22,112307,5776,794,812,101,0.487,53380
2019-06-23,98566,5313,802,838,79,0.083,53433
2019-06-24,164179,7399,1222,1047,172,0.326,80736
2019-06-25,185999,8324,1249,1173,151,0.576,80240
2019-06-26,193934,8538,1280,1140,149,0.547,97287
2019-06-27,194324,8169,1235,1114,132,0.422,89877
2019-06-28,191171,7603,1136,967,86,0.512,80265
2019-06-29,114176,5245,811,804,84,0.225,51582
2019-06-30,102012,4534,617,689,67,0.25,40868
2019-07-01,163531,6670,1055,899,118,0.422,69323
2019-07-02,175221,6843,1183,933,88,0.316,68443
2019-07-03,176753,8278,1388,1122,117,0.361,88685
2019-07-04,149263,7235,1079,958,80,0.474,71383
2019-07-05,143312,5885,878,739,64,0.493,67109
2019-07-06,94399,5555,795,769,69,0.489,57502
2019-07-07,90885,5017,682,777,88,0.399,51787
2019-07-08,156097,7569,1251,897,180,0.622,76781
2019-07-09,176207,7447,1328,906,165,0.456,70203
2019-07-10,181352,7632,1317,1033,130,0.387,69338
2019-07-11,179786,7658,1277,1079,126,0.382,79938
2019-07-12,167250,6910,1042,832,87,0.678,72081
2019-07-13,107400,5302,746,730,75,0.455,48339
2019-07-14,91449,4844,658,644,48,0.7,44936
2019-07-15,150434,6459,1093,858,100,0.339,68245
2019-07-16,174341,7313,1101,1127,86,0.399,80244
2019-07-17,183751,8772,1411,1550,115,0.121,84801
2019-07-18,179267,7894,1333,1035,95,0.527,73169
2019-07-19,167815,7634,1373,1130,141,0.169,74865
2019-07-20,108026,6283,1041,833,109,0.418,56691
2019-07-21,96740,5149,738,708,101,0.462,57155
2019-07-22,157280,7215,1025,904,113,0.658,75335
2019-07-23,179612,8516,1183,1035,137,0.645,78047
2019-07-24,184798,7387,1163,799,94,0.673,70699
2019-07-25,179639,7757,1200,982,96,0.624,70244
2019-07-26,153805,7001,953,889,63,0.673,71222
2019-07-27,101175,5364,780,878,65,0.282,51411
2019-07-28,95340,5673,797,750,49,0.559,54406
2019-07-29,156431,7583,1156,1272,125,0.053,75790
2019-07-30,170725,8290,1228,1279,162,0.23,85697
2019-07-31,177699,7676,1264,1171,171,0.125,78977
2019-08-01,176068,8130,1425,1387,185,-0.031,79374
2019-08-02,168717,8337,1359,1221,114,0.305,84590
2019-08-03,101142,6972,1082,1005,81,0.312,66134
2019-08-04,96254,6519,924,1002,91,0.352,71081
2019-08-05,151781,11077,1855,1795,243,0.131,124334
2019-08-06,173746,11657,2102,1400,213,0.37,110633
2019-08-07,177522,10563,1704,1240,188,0.496,102389
2019-08-08,171611,10350,1542,1416,163,0.386,109867
2019-08-09,165084,9781,1522,1249,170,0.674,118658
2019-08-10,103144,7184,1144,846,157,0.724,77373
2019-08-11,88313,6382,955,766,140,0.698,62282
2019-08-12,139990,8216,1148,926,150,0.69,91318
2019-08-13,153638,8844,1351,1151,123,0.575,81879
2019-08-14,164976,9407,1537,1229,158,0.424,93414
2019-08-15,168814,7542,1051,835,122,0.599,77864
2019-08-16,164891,9132,1337,999,167,0.702,97576
2019-08-17,106019,6872,975,839,91,0.627,72539
2019-08-18,96319,6214,847,876,74,0.331,60647
2019-08-19,159554,8663,1219,1259,115,0.406,79549
2019-08-20,173291,9459,1464,1241,151,0.457,98970
2019-08-21,185306,9145,1379,1153,156,0.493,94388
2019-08-22,179783,9185,1552,1323,272,0.259,96210
2019-08-23,169104,8150,1212,1142,143,0.417,78756
2019-08-24,109143,6738,886,856,101,0.615,68899
2019-08-25,100388,5140,681,654,54,0.6,44186
2019-08-26,157071,7972,1100,993,91,0.765,74399
2019-08-27,174570,8045,1134,1039,90,0.642,80653
2019-08-28,179806,8637,1372,1127,144,0.433,81697
2019-08-29,177423,8332,1401,1180,178,0.258,83049
2019-08-30,165668,8441,1397,1096,146,0.486,86784
2019-08-31,101916,6597,1115,911,123,0.211,67909
2019-09-01,95092,5577,926,717,108,0.251,50304
2019-09-02,130680,7123,1082,985,135,0.368,75460
2019-09-03,164988,8196,1261,1105,132,0.458,80641
2019-09-04,183724,8979,1489,1123,227,0.54,83503
2019-09-05,181346,8137,1141,952,97,0.758,77814
2019-09-06,168054,7604,1182,941,97,0.635,74681
2019-09-07,102764,5612,906,740,138,0.376,62667
2019-09-08,94990,5397,709,700,98,0.476,50823
2019-09-09,160943,7022,1000,986,72,0.5,61311
2019-09-10,177536,8388,1238,1164,77,0.407,81183
2019-09-11,183264,7391,1158,1153,192,0.15,64629
2019-09-12,179898,7586,1235,980,115,0.496,71491
2019-09-13,167328,7318,1138,841,81,0.73,70335
2019-09-14,102061,5877,1048,674,122,0.567,54740
2019-09-15,95422,5507,906,707,133,0.361,52173
2019-09-16,167318,8917,1376,1038,171,0.781,85160
2019-09-17,177760,8472,1291,964,134,0.68,78224
2019-09-18,187176,8549,1372,962,133,0.693,85479
2019-09-19,186399,9063,1466,973,128,0.723,85010
2019-09-20,179820,8366,1237,1013,194,0.685,81133
2019-09-21,108424,6552,1125,798,172,0.469,62258
2019-09-22,101169,5853,828,634,120,0.754,51006
2019-09-23,177482,7918,1185,1010,125,0.534,68513
2019-09-24,190993,8089,1271,909,95,0.719,77910
2019-09-25,197791,8137,1414,1053,156,0.427,76794
2019-09-26,185674,8067,1377,1007,174,0.519,79376
2019-09-27,182598,8396,1408,1026,164,0.529,89176
2019-09-28,110060,6636,1099,919,116,0.253,67472
2019-09-29,92137,5740,922,786,68,0.386,50980
2019-09-30,153234,8356,1407,1061,112,0.5,78666
2019-10-01,172848,8764,1450,939,138,0.749,87584
2019-10-02,184819,8376,1150,927,131,0.778,79373
2019-10-03,184279,8591,1248,986,200,0.789,77866
2019-10-04,171751,8224,1553,1108,217,0.209,73078
2019-10-05,103927,6831,1185,948,212,0.323,64170
2019-10-06,91518,5955,913,866,125,0.451,54569
2019-10-07,158841,6612,1090,866,175,0.417,64788
2019-10-08,173057,6360,914,790,127,0.658,58396
2019-10-09,183090,8060,1211,802,144,0.847,71413
2019-10-10,189503,8303,1167,1090,162,0.57,73611
2019-10-11,185073,9723,1277,1048,177,0.822,87278
2019-10-12,109703,7188,874,882,134,0.784,65045
2019-10-13,98477,5833,877,665,153,0.578,53645
2019-10-14,156240,7108,1046,871,146,0.614,69616
2019-10-15,181378,7865,1226,1066,200,0.473,72356
2019-10-16,192759,7671,1363,1238,175,-0.006,73781
2019-10-17,187426,7681,1331,1066,130,0.313,78001
2019-10-18,175689,7606,1362,1058,186,0.199,70011
2019-10-19,107015,6841,1212,1190,135,-0.152,54507
2019-10-20,94077,5786,963,1085,75,-0.361,52941
2019-10-21,157126,7347,1266,1190,90,-0.013,71425
2019-10-22,178042,7059,1298,988,127,0.184,63411
2019-10-23,186775,7554,1175,1191,155,0.254,63832
2019-10-24,182818,7644,1201,754,109,1.009,75590
2019-10-25,166021,7360,1151,708,109,1.036,67440
2019-10-26,103798,5861,871,699,85,0.802,54743
2019-10-27,95306,3977,522,484,48,0.792,34005
2019-10-28,155792,6071,797,611,92,1.019,61863
2019-10-29,174199,7569,933,862,101,0.853,88331
2019-10-30,173808,7886,1222,951,92,0.523,78601
2019-10-31,172037,7809,1183,800,96,0.742,80996
2019-11-01,153607,7327,954,682,100,1.127,68731
2019-11-02,103743,5887,839,654,120,0.675,61498
2019-11-03,87080,5860,825,588,87,0.807,64884
2019-11-04,153204,8103,1249,910,172,0.73,89831
2019-11-05,172432,7982,1349,961,248,0.488,86259
2019-11-06,179114,7775,1249,966,175,0.45,82704
2019-11-07,177659,7685,1138,767,119,0.974,76373
2019-11-08,168952,8073,1301,896,162,0.84,87650
2019-11-09,105861,7822,1108,916,103,0.662,93021
2019-11-10,89713,4875,651,549,53,0.803,54451
2019-11-11,150802,7492,983,759,124,1.018,85792
2019-11-12,172401,7039,965,727,102,0.934,74471
2019-11-13,177406,7416,1210,836,163,0.635,91357
2019-11-14,180761,7515,1169,707,124,0.872,73564
2019-11-15,170885,7506,1391,791,160,0.508,73182
2019-11-16,106039,5586,954,674,122,0.606,53548
2019-11-17,91867,5611,863,632,84,0.644,56844
2019-11-18,153319,7276,1239,772,245,0.734,81960
2019-11-19,171870,7288,1362,816,262,0.435,70870
2019-11-20,183512,7711,1290,776,197,0.672,80996
2019-11-21,182728,7570,1307,784,202,0.656,72664
2019-11-22,166184,6821,1068,710,203,0.71,67746
2019-11-23,105762,5447,929,554,94,0.555,54097
2019-11-24,89481,4861,765,483,96,0.763,51540
2019-11-25,147572,6225,954,777,185,0.582,64837
2019-11-26,166565,7715,1190,1008,185,0.439,81382
2019-11-27,165222,7414,1128,915,91,0.703,76385
2019-11-28,134572,7705,1342,782,189,0.751,73810
2019-11-29,124461,7564,1153,934,166,0.606,74083
2019-11-30,86996,5716,902,902,170,0.055,55823
2019-12-01,84737,5010,856,797,160,-0.009,48542
2019-12-02,146353,7199,1212,1135,158,0.084,77280
2019-12-03,172876,6829,1116,969,163,0.278,66770
2019-12-04,180185,8028,1411,1187,184,0.185,78358
2019-12-05,170984,7917,1326,1239,203,0.08,75826
2019-12-06,161445,7900,1365,1609,166,-0.563,116951
2019-12-07,103471,6701,1232,1488,201,-0.855,71591
2019-12-08,89064,5396,1036,1006,209,-0.59,85281
2019-12-09,151043,7878,1498,1204,317,-0.016,74078
2019-12-10,175382,8779,1811,1282,417,-0.138,101061
2019-12-11,171948,8764,1818,1291,455,-0.079,85816
2019-12-12,170000,9218,1810,1498,554,-0.24,98688
2019-12-13,164480,9372,1940,1624,604,-0.378,105433
2019-12-14,97333,7167,1579,1306,531,-0.718,69670
2019-12-15,86495,6587,1667,1201,688,-1.147,79921
2019-12-16,143614,10990,3341,2113,1614,-1.533,144822
2019-12-17,164039,10587,3000,1917,1280,-1.243,130889
2019-12-18,167588,9849,2669,1630,1065,-1.05,116278
2019-12-19,166834,10750,3260,2053,1671,-1.626,124031
2019-12-20,159839,11308,3076,2320,1457,-1.463,174597
2019-12-21,100642,9069,2466,1841,1148,-1.488,127088
2019-12-22,84581,7202,1958,1217,819,-1.132,82749
2019-12-23,129282,8777,2263,1205,814,-0.51,102045
2019-12-24,116810,8183,1898,948,705,-0.077,86302
2019-12-25,76553,6349,1392,862,494,-0.399,54704
2019-12-26,97902,7229,1945,1032,715,-0.735,73775
2019-12-27,108277,7994,1993,1204,695,-0.631,75897
2019-12-28,78939,6015,1532,895,546,-0.684,52827
2019-12-29,76429,5835,1354,809,441,-0.262,55856
2019-12-30,118132,6568,1473,870,454,-0.134,61736
2019-12-31,125858,6625,1392,1045,449,-0.275,65755
2020-01-01,89215,5583,1108,774,327,0.004,53841
2020-01-02,123425,7110,1451,855,421,0.215,64774
2020-01-03,157403,7663,1711,953,456,0.026,70396
2020-01-04,112518,6390,1490,875,420,-0.283,52431
2020-01-05,112046,6264,1384,826,342,-0.16,56423
2020-01-06,158919,8376,2419,1062,775,-0.599,102917
2020-01-07,179999,8446,2222,1213,712,-0.574,95491
2020-01-08,197021,7877,1811,1266,574,-0.483,80134
2020-01-09,189640,8764,1640,1269,404,0.07,91092
2020-01-10,175329,8014,1559,1177,381,-0.001,76912
2020-01-11,115539,6683,1326,941,373,-0.109,68053
2020-01-12,99273,6396,1182,954,302,-0.141,62403
2020-01-13,161483,8802,1745,1271,438,-0.075,89651
2020-01-14,174278,8374,1724,1160,395,-0.043,76676
2020-01-15,170421,7814,1454,939,266,0.289,84847
2020-01-16,185276,8807,1738,1105,325,0.264,80837
2020-01-17,168378,8745,1719,1090,313,0.306,91037
2020-01-18,106658,6843,1316,948,293,-0.028,60737
2020-01-19,93471,5901,1116,683,269,0.317,52994
2020-01-20,142865,7510,1400,886,328,0.318,66949
2020-01-21,166258,7916,1461,965,370,0.228,67600
2020-01-22,182627,7409,1291,856,249,0.375,68058
2020-01-23,182604,7903,1311,937,240,0.475,74849
2020-01-24,173437,7771,1508,873,305,0.318,69075
2020-01-25,109408,6572,1263,958,204,0.048,68224
2020-01-26,94443,5112,874,595,264,0.344,50581
2020-01-27,149800,7592,1391,934,369,0.407,72588
2020-01-28,178857,8588,1466,1240,316,0.28,76563
2020-01-29,186136,7486,1366,1234,267,0.016,68433
2020-01-30,184259,8687,1597,1515,366,-0.203,88275
2020-01-31,179524,8216,1411,1480,359,-0.326,80826
2020-02-01,113580,5582,977,867,183,0.008,71552
2020-02-02,98233,5178,833,987,188,-0.33,51443
2020-02-03,161458,7013,1302,1153,287,-0.157,64578
2020-02-04,179013,7375,1301,1023,252,0.222,67374
2020-02-05,188775,8530,1543,1235,290,0.089,74701
2020-02-06,184511,8024,1344,1205,250,0.159,71337
2020-02-07,170420,7779,1387,1188,224,0.219,75803
2020-02-08,106505,5681,954,774,189,0.166,55296
2020-02-09,91661,4620,747,660,187,0.286,39036
2020-02-10,151166,6939,1364,1071,345,-0.21,61873
2020-02-11,173842,7018,1212,886,199,0.354,67424
2020-02-12,180507,7840,1357,1123,240,0.21,71520
2020-02-13,180679,7736,1273,1086,223,0.321,71924
2020-02-14,168850,7953,1399,1213,155,0.02,80373
2020-02-15,110866,6369,1228,849,294,0.012,57722
2020-02-16,94862,5169,916,608,213,0.396,44820
2020-02-17,137987,7849,1410,1158,279,0.104,73752
2020-02-18,168769,7495,1263,974,200,0.339,63619
2020-02-19,177361,7803,1213,945,254,0.679,77238
2020-02-20,184238,8443,1401,1076,293,0.396,72659
2020-02-21,173798,7577,1164,829,220,0.697,64358
2020-02-22,108977,6966,918,681,138,1.036,68065
2020-02-23,92859,6308,887,738,194,0.543,59213
2020-02-24,150234,9420,1109,1208,287,0.59,99964
2020-02-25,174646,11030,1434,1688,321,0.301,146394
2020-02-26,182222,10784,1787,1702,348,-0.1,139231
2020-02-27,181243,9240,1544,1388,239,0.073,98238
2020-02-28,176560,8390,1563,1161,268,-0.01,94678
2020-02-29,115113,6386,1045,1041,204,-0.047,64596
2020-03-01,106304,5782,1060,852,236,-0.104,52021
2020-03-02,167485,7616,1529,1047,356,-0.046,80076
2020-03-03,186879,8688,1408,1234,265,0.237,83454
2020-03-04,190380,7962,1214,972,139,0.439,77993
2020-03-05,188626,8335,1351,1031,183,0.339,83065
2020-03-06,170905,7759,1278,991,194,0.42,80171
2020-03-07,107813,6198,941,857,121,0.355,64267
2020-03-08,94160,5185,846,798,139,-0.022,43035
2020-03-09,154418,7086,1061,945,161,0.339,64175
2020-03-10,168093,5506,563,654,85,1.017,48245
2020-03-11,177282,6995,1033,957,124,0.507,62482
2020-03-12,169538,7104,981,1093,131,0.379,63033
2020-03-13,159027,7275,875,1163,77,0.557,65545
2020-03-14,103752,5305,662,767,69,0.529,48560
2020-03-15,94060,5179,557,634,91,0.751,47767
2020-03-16,135499,6421,827,893,96,0.51,59436
2020-03-17,158980,7299,911,960,98,0.628,64833
2020-03-18,164629,7628,1059,1011,143,0.551,68957
2020-03-19,159922,6988,940,815,115,0.703,71910
2020-03-20,149994,7119,867,1221,75,0.158,81490
2020-03-21,97405,5205,573,807,63,0.516,48354
2020-03-22,87824,4592,379,754,41,0.67,45823
2020-03-23,136674,5861,612,829,57,0.781,63389
2020-03-24,146264,6404,755,855,102,0.757,72929
2020-03-25,148772,6733,655,832,50,1.002,78268
2020-03-26,153612,6574,643,652,41,1.416,71172
2020-03-27,144608,6391,502,638,29,1.42,57891
2020-03-28,95934,5481,501,517,67,1.412,51851
2020-03-29,87401,5381,463,467,61,1.566,52800
2020-03-30,132906,7059,662,715,64,1.428,64595
2020-03-31,154889,8223,731,677,83,1.399,77614
2020-04-01,150645,8685,777,680,62,1.373,82898
2020-04-02,150991,8365,908,873,58,0.972,84026
2020-04-03,144262,7410,857,868,77,0.964,75532
2020-04-04,96207,5923,608,658,32,1.013,50425
2020-04-05,84778,5628,472,590,42,1.092,50584
2020-04-06,128821,6482,677,554,50,1.358,64442
2020-04-07,141898,6957,870,728,27,0.92,67733
2020-04-08,141228,6489,737,670,76,1.034,57486
2020-04-09,141372,6566,721,732,43,0.987,69021
2020-04-10,122961,6105,678,649,60,0.983,65333
2020-04-11,86402,5300,553,572,43,0.93,53421
2020-04-12,75228,4629,508,583,40,0.661,48232
2020-04-13,113790,6087,654,663,44,0.987,58901
2020-04-14,135241,6723,916,766,110,0.764,68566
2020-04-15,140350,6349,832,734,97,0.826,56955
2020-04-16,140892,6214,700,637,54,1.107,56133
2020-04-17,138516,5954,704,699,60,0.869,59494
2020-04-18,94428,5365,652,624,73,0.825,46726
2020-04-19,81675,4932,646,544,50,0.768,45554
2020-04-20,128362,6775,988,672,63,0.874,61727
2020-04-21,140292,6969,1002,716,64,0.743,63314
2020-04-22,144834,6812,860,774,71,0.922,64617
2020-04-23,144632,6235,854,812,40,0.619,56379
2020-04-24,139748,6182,746,763,61,0.737,60557
2020-04-25,89512,5352,670,601,43,0.838,52114
2020-04-26,78428,4732,550,587,37,0.674,44533
2020-04-27,123336,6289,697,634,32,1.038,58536
2020-04-28,136449,6788,906,749,40,0.729,64022
2020-04-29,141961,7116,1045,781,66,0.599,73848
2020-04-30,145691,7130,899,779,71,0.689,76931
2020-05-01,133963,5915,649,670,44,0.804,55770
2020-05-02,86708,5285,647,585,73,0.86,50972
2020-05-03,78906,5782,529,845,32,0.518,53457
2020-05-04,125035,6807,914,966,104,0.408,75317
2020-05-05,141162,7078,833,963,61,0.579,70367
2020-05-06,144655,7502,851,930,67,0.804,73654
2020-05-07,143094,8071,949,895,62,0.779,76581
2020-05-08,141417,8254,879,863,81,0.949,88750
2020-05-09,90606,7641,901,1080,86,0.542,66546
2020-05-10,76962,6531,679,710,56,1.03,59433
2020-05-11,120993,6831,798,689,68,0.986,64746
2020-05-12,139690,7039,830,620,61,1.149,69194
2020-05-13,149009,6718,785,659,70,1.077,67576
2020-05-14,146058,6889,841,726,84,1.014,62970
2020-05-15,133521,6394,765,636,62,1.082,57825
2020-05-16,88292,5756,636,641,48,1.073,56238
2020-05-17,77459,5093,613,584,56,0.837,47652
2020-05-18,124779,6612,817,632,55,1.078,59052
2020-05-19,141396,7223,993,861,87,0.668,70206
2020-05-20,145676,7238,993,786,99,0.799,69770
2020-05-21,161449,7112,978,819,92,0.658,66693
2020-05-22,134537,6814,898,642,111,0.918,63995
2020-05-23,85112,5363,767,466,83,0.918,49277
2020-05-24,75276,5339,711,541,52,0.885,50379
2020-05-25,95029,6453,813,660,53,0.818,65469
2020-05-26,125296,7447,1088,756,108,0.729,65512
2020-05-27,139327,7049,1059,712,88,0.758,58641
2020-05-28,144840,6905,900,766,67,0.745,58175
2020-05-29,141418,7767,989,1023,100,0.579,68298
2020-05-30,99029,5620,707,671,95,0.669,49833
2020-05-31,96470,5029,671,623,66,0.621,46318
2020-06-01,143447,6192,896,764,111,0.569,54140
2020-06-02,161225,6852,892,814,139,0.728,58817
2020-06-03,167251,6600,853,794,118,0.617,57096
2020-06-04,164891,6903,934,822,75,0.761,63423
2020-06-05,154945,5955,839,637,68,0.836,57712
2020-06-06,104606,4911,717,585,76,0.579,39066
2020-06-07,89096,4728,727,635,120,0.299,42911
2020-06-08,135954,6405,1029,839,95,0.306,59426
2020-06-09,151981,7120,1128,826,125,0.448,65126
2020-06-10,156151,6492,1013,834,71,0.318,56098
2020-06-11,154391,6428,990,784,120,0.381,55214
2020-06-12,151007,6442,935,907,95,0.297,55377
2020-06-13,95130,5494,728,663,60,0.616,46200
2020-06-14,84693,5084,612,636,40,0.621,44150
2020-06-15,136420,5932,888,675,77,0.552,59459
2020-06-16,154419,7611,1024,1165,60,0.255,71343
2020-06-17,161794,8455,1208,1289,166,0.116,84463
2020-06-18,160358,8189,1242,1152,144,0.292,74076
2020-06-19,153092,8742,1334,1209,156,0.303,83943
2020-06-20,96605,6463,1020,1085,110,-0.109,53010
2020-06-21,81042,5130,661,859,94,0.051,46546
2020-06-22,132129,7639,1104,1159,103,0.365,74102
2020-06-23,152488,7775,1147,1068,84,0.458,64748
2020-06-24,153564,7074,1093,875,103,0.582,59697
2020-06-25,152838,6888,1071,928,128,0.374,61556
2020-06-26,144738,6542,1061,926,92,0.201,59358
2020-06-27,92672,5282,846,721,68,0.268,50912
2020-06-28,81149,4876,772,689,99,0.119,42166
2020-06-29,131712,6595,1075,985,252,0.136,53667
2020-06-30,155455,7135,1141,1134,93,0.14,62633
2020-07-01,156134,6617,956,1079,74,0.18,56798
2020-07-02,155174,7303,1100,1155,67,0.18,66297
2020-07-03,130536,7462,1015,1219,84,0.059,68507
2020-07-04,84646,6003,848,1015,66,-0.134,48414
2020-07-05,75935,5279,763,930,58,-0.189,45111
2020-07-06,126052,6814,975,1066,76,0.2,58145
2020-07-07,146327,7285,1070,1194,110,0.075,57596
2020-07-08,155955,7450,1028,1420,86,-0.175,61068
2020-07-09,153500,8352,1133,1741,70,-0.365,71506
2020-07-10,143452,8000,1186,1726,99,-0.606,71883
2020-07-11,91918,6170,819,1120,86,-0.159,51815
2020-07-12,78142,5982,824,1035,81,-0.05,51678
2020-07-13,130213,7461,1075,1044,84,0.371,67690
2020-07-14,151840,7194,1237,942,110,0.336,65769
2020-07-15,151138,6998,1131,893,116,0.529,66602
2020-07-16,149283,6888,1123,940,74,0.437,55926
2020-07-17,140954,7085,1073,1081,74,0.215,65319
2020-07-18,91747,5855,926,919,71,-0.013,49166
2020-07-19,78813,4797,690,644,52,0.391,39075
2020-07-20,130648,6169,928,794,70,0.463,51080
2020-07-21,145471,6335,971,744,87,0.609,51251
2020-07-22,154647,6585,1068,992,69,0.086,54406
2020-07-23,152048,6656,975,883,101,0.534,56854
2020-07-24,141760,6302,954,934,61,0.285,51311
2020-07-25,89205,4798,756,592,100,0.429,42834
2020-07-26,80023,4881,722,675,77,0.293,44749
2020-07-27,132253,6643,1108,766,175,0.566,59501
2020-07-28,145115,6934,1195,860,126,0.352,60429
2020-07-29,147692,7546,1145,831,76,0.66,66600
2020-07-30,143702,6987,1094,883,59,0.381,62654
2020-07-31,133602,6953,1134,895,39,0.328,60730
2020-08-01,83705,5846,957,703,72,0.244,47738
2020-08-02,71475,5307,810,726,70,0.34,46389
2020-08-03,121877,7374,1208,825,59,0.418,56520
2020-08-04,136577,8447,1258,995,61,0.547,68277
2020-08-05,143399,9149,1576,1205,127,0.151,82182
2020-08-06,148996,7716,1219,927,88,0.462,63166
2020-08-07,141402,8089,1123,1044,74,0.475,83367
2020-08-08,87682,6538,892,697,55,0.735,90390
2020-08-09,77241,4793,721,655,49,0.257,44664
2020-08-10,126591,6502,1049,733,72,0.558,55600
2020-08-11,146905,6964,1053,758,85,0.555,60385
2020-08-12,148275,6780,1106,949,109,0.172,70336
2020-08-13,151048,6911,1089,829,90,0.428,63157
2020-08-14,149678,6800,1086,818,72,0.518,59658
2020-08-15,96769,5824,774,632,74,0.789,50637
2020-08-16,81316,4065,519,448,44,0.774,31361
2020-08-17,133773,6110,964,750,70,0.514,60810
2020-08-18,150734,7387,1148,956,80,0.506,62642
2020-08-19,155511,7692,1101,861,58,0.736,66569
2020-08-20,155034,7294,1077,933,72,0.592,61433
2020-08-21,142735,6318,1019,760,55,0.528,53635
2020-08-22,86188,4974,733,825,67,-0.05,47067
2020-08-23,78048,4329,588,610,35,0.382,38039
2020-08-24,132465,5916,891,774,66,0.484,51903
2020-08-25,149614,6385,943,904,73,0.408,56159
2020-08-26,152702,6083,935,754,87,0.617,54422
2020-08-27,150228,6102,1022,765,61,0.446,52469
2020-08-28,140358,6309,1171,833,181,0.13,56608
2020-08-29,86515,4351,692,720,70,-0.009,38784
2020-08-30,80338,4433,627,784,56,-0.0,37989
2020-08-31,126554,6241,967,846,69,0.441,63313
2020-09-01,149211,6916,998,858,83,0.639,61358
2020-09-02,154293,6922,1015,959,54,0.598,62102
2020-09-03,152535,6939,1161,988,69,0.351,60945
2020-09-04,145197,6470,1147,888,95,0.266,54813
2020-09-05,87528,5345,749,867,88,0.109,44804
2020-09-06,78886,4604,686,733,24,0.167,37444
2020-09-07,109120,6434,1066,892,74,0.407,62877
2020-09-08,139625,7370,1332,1089,83,0.085,62907
2020-09-09,153593,7183,1230,1035,189,0.248,64332
2020-09-10,153348,7320,1140,1035,79,0.502,62813
2020-09-11,150229,6570,1098,941,123,0.321,53185
2020-09-12,100361,5561,876,831,100,0.295,44852
2020-09-13,82257,5109,897,815,140,-0.047,39326
2020-09-14,137621,6753,1120,949,162,0.202,61103
2020-09-15,154834,6599,1074,881,106,0.345,54943
2020-09-16,157473,7028,1117,928,122,0.494,64059
2020-09-17,151255,6754,1118,970,200,0.237,61236
2020-09-18,140752,6161,1083,820,215,0.346,56470
2020-09-19,93476,5443,772,1021,106,0.038,48758
2020-09-20,78319,5004,873,798,191,0.007,46500
2020-09-21,130874,6441,1194,764,269,0.443,67862
2020-09-22,146270,6700,1204,828,249,0.362,60299
2020-09-23,158257,6338,1099,785,231,0.398,65617
2020-09-24,152458,6148,1080,882,179,0.023,59230
2020-09-25,138253,6235,1293,923,417,-0.283,55582
2020-09-26,78664,4371,860,574,177,0.042,38184
2020-09-27,86382,4666,745,621,141,0.382,43632
2020-09-28,121912,5986,1181,981,416,-0.297,49057
2020-09-29,141036,7032,1309,1273,307,-0.307,63336
2020-09-30,140726,6909,1420,1311,286,-0.573,68053
2020-10-01,148635,7482,1418,1561,337,-0.674,65329
2020-10-02,133796,6615,1284,1259,365,-0.71,55684
2020-10-03,70935,5219,903,929,185,-0.42,45308
2020-10-04,62849,4222,705,728,151,-0.177,34427
2020-10-05,110587,6050,1044,913,193,0.008,52321
2020-10-06,123364,6109,963,1019,132,-0.061,49125
2020-10-07,120463,5510,906,740,163,0.418,46673
2020-10-08,126678,5624,974,865,169,0.127,47984
2020-10-09,90422,3603,586,542,108,0.136,25472
2020-10-10,93104,5437,862,908,108,-0.037,49794
2020-10-11,73999,4579,735,735,92,0.023,41685
2020-10-12,101555,4937,811,730,79,0.245,41042
2020-10-13,104586,5048,872,706,131,0.398,46862
2020-10-14,119540,5529,924,768,101,0.511,47162
2020-10-15,103284,5165,832,672,80,0.558,43940
2020-10-16,49062,2524,396,445,40,-0.16,18518
2020-10-17,72631,3735,678,555,67,0.124,30776
2020-10-18,74073,3713,663,692,63,-0.287,29787
2020-10-19,96639,4620,698,618,78,0.644,37515
2020-10-20,105653,4251,691,542,75,0.645,33469
2020-10-21,106925,4870,721,647,69,0.65,40932
2020-10-22,92774,4160,667,468,72,0.748,35387
2020-10-23,75888,3118,531,412,73,0.423,23419
2020-10-24,53242,2488,443,360,46,0.139,19830
2020-10-25,62657,2927,456,361,49,0.499,30546
2020-10-26,87059,4525,628,509,80,1.031,38297
2020-10-27,88260,4835,675,535,107,0.831,43978
2020-10-28,102263,4986,847,628,96,0.485,44644
2020-10-29,74155,3825,650,472,78,0.348,31761
2020-10-30,48356,2533,443,402,86,-0.123,19649
2020-10-31,32573,1615,287,199,49,0.213,12353
2020-11-01,46050,2651,472,439,68,-0.25,20452
2020-11-02,87643,3603,612,495,73,0.288,28433
2020-11-03,60723,3186,408,401,37,0.736,23355
2020-11-04,94634,4019,728,638,91,0.115,35493
2020-11-05,69297,3526,577,485,91,0.39,26905
2020-11-06,31839,1724,226,281,25,0.323,12376
2020-11-07,21493,951,165,126,16,0.175,6060
2020-11-08,34748,1859,231,252,27,0.525,15786
2020-11-09,77373,3665,523,468,49,0.664,28992
2020-11-10,80167,2812,418,281,37,0.965,23229
2020-11-11,72614,2884,486,354,44,0.441,24573
2020-11-12,66851,2594,483,320,46,0.393,20997
2020-11-13,19998,989,111,86,13,1.04,7019
2020-11-14,16508,711,73,86,0,0.634,4333
2020-11-15,23087,1304,122,148,5,0.97,11213
2020-11-16,56236,2843,319,296,24,1.028,23984
2020-11-17,59109,2992,513,370,49,0.443,23118
2020-11-18,156306,6507,1011,713,83,0.751,56282
2020-11-19,153204,6166,926,819,69,0.588,53944
2020-11-20,139790,5814,878,962,55,0.073,52642
2020-11-21,89676,5023,748,792,69,0.17,41186
2020-11-22,75875,4116,633,608,49,0.232,35090
2020-11-23,120493,5433,817,660,73,0.634,48020
2020-11-24,139317,6510,951,922,94,0.401,60559
2020-11-25,134797,6111,971,974,144,0.228,52542
2020-11-26,113989,7541,1373,1395,358,-0.448,69212
2020-11-27,106257,7369,1305,1123,344,0.046,69666
2020-11-28,77321,6229,996,776,228,0.496,86931
2020-11-29,69856,5434,925,584,230,0.465,54554
2020-11-30,116386,6202,1073,737,257,0.432,62606
2020-12-01,130311,6830,1168,780,251,0.629,64636
2020-12-02,133871,6846,1095,827,185,0.577,63446
2020-12-03,133386,6581,1134,816,260,0.43,68745
2020-12-04,125378,6351,1081,732,285,0.542,64933
2020-12-05,81462,5401,965,727,257,0.205,59752
2020-12-06,69763,4816,861,637,270,0.205,48765
2020-12-07,117566,6921,1217,877,350,0.358,66206
2020-12-08,136676,7671,1468,957,614,0.215,71544
2020-12-09,134829,6897,1170,745,271,0.689,67450
2020-12-10,136631,5760,1107,760,220,0.153,56009
2020-12-11,129714,6453,1155,785,284,0.347,58938
2020-12-12,85949,5061,936,613,231,0.217,49064
2020-12-13,72552,4735,942,613,317,0.062,43354
2020-12-14,119518,6461,1255,810,377,0.257,63940
2020-12-15,135118,6789,1142,726,299,0.626,69171
2020-12-16,134022,6678,1030,805,189,0.583,58026
2020-12-17,132509,6704,1096,753,253,0.626,60893
2020-12-18,124284,6343,1098,845,218,0.361,58623
2020-12-19,79812,5468,886,563,192,0.631,53224
2020-12-20,68222,4247,765,486,193,0.33,38786
2020-12-21,115278,6382,1001,829,201,0.524,58882
2020-12-22,122642,6769,1033,895,231,0.47,67384
2020-12-23,123904,6380,1041,900,195,0.38,56350
2020-12-24,101877,6086,1002,833,163,0.287,53000
2020-12-25,60733,5413,893,696,170,0.435,51493
2020-12-26,56351,5023,816,616,213,0.528,42694
2020-12-27,58652,4961,829,596,181,0.393,46235
2020-12-28,85807,6005,966,723,181,0.626,51297
2020-12-29,99952,5510,871,731,179,0.463,52508
2020-12-30,107131,5617,796,772,151,0.444,52799
2020-12-31,100226,4814,700,778,115,0.166,40696
2021-01-01,70996,3951,606,502,120,0.593,35628
2021-01-02,60677,3899,645,547,119,0.339,43559
2021-01-03,63829,4122,702,615,116,0.063,43551
2021-01-04,105675,5415,809,719,156,0.586,63570
2021-01-05,124082,5746,799,793,104,0.574,55299
2021-01-06,128944,5778,959,736,104,0.572,53249
2021-01-07,144185,5906,947,781,172,0.416,53656
2021-01-08,133154,5857,856,897,129,0.41,53287
2021-01-09,83422,4306,662,617,101,0.302,40317
2021-01-10,73463,3996,640,537,126,0.32,35448
2021-01-11,117057,5634,869,824,165,0.347,54296
2021-01-12,133549,5913,819,726,160,0.708,63143
2021-01-13,139757,5409,766,640,106,0.805,51125
2021-01-14,135217,5007,682,580,89,0.777,45334
2021-01-15,128781,5634,753,597,146,0.957,53681
2021-01-16,81657,4622,640,624,80,0.373,51232
2021-01-17,72843,4082,625,530,112,0.389,38037
2021-01-18,108867,5551,1035,637,165,0.47,51794
2021-01-19,129504,6081,879,730,103,0.898,55813
2021-01-20,141427,5533,799,541,115,1.106,64651
2021-01-21,136907,6588,976,748,124,0.744,71509
2021-01-22,127609,6174,874,825,124,0.611,67154
2021-01-23,82371,4904,629,513,104,1.0,48171
2021-01-24,71445,4182,666,475,165,0.569,38093
2021-01-25,117572,5845,1036,820,195,0.083,58897
2021-01-26,132412,6206,1296,1064,485,-0.614,79453
2021-01-27,139344,6546,1308,1087,356,-0.203,98104
2021-01-28,135432,6520,1332,888,295,0.026,64705
2021-01-29,129183,7077,1288,1137,354,-0.202,74688
2021-01-30,82456,5715,1045,905,277,-0.165,65642
2021-01-31,69685,4451,817,623,212,0.108,41830
2021-02-01,117856,5247,854,687,201,0.435,60514
2021-02-02,132558,5377,1005,821,208,0.072,53044
2021-02-03,136952,6229,1227,834,280,0.231,63314
2021-02-04,138271,5825,1061,643,250,0.548,55650
2021-02-05,132889,6251,1043,818,238,0.584,64584
2021-02-06,82121,5140,1032,894,315,-0.376,59083
2021-02-07,70813,5113,774,745,150,0.254,61547
2021-02-08,111925,6248,1026,773,166,0.546,72054
2021-02-09,131715,6620,1010,872,174,0.458,60442
2021-02-10,135375,5929,951,786,149,0.329,58968
2021-02-11,131200,6150,1046,750,135,0.556,55119
2021-02-12,122505,5268,888,667,151,0.46,52584
2021-02-13,84391,4670,791,744,110,0.161,40689
2021-02-14,72782,4419,682,780,152,-0.118,38381
2021-02-15,104791,6369,1220,1001,305,-0.074,60056
2021-02-16,124933,6531,1163,972,212,0.203,63071
2021-02-17,133427,6567,1097,805,176,0.542,72668
2021-02-18,132364,6759,1045,875,195,0.437,68695
2021-02-19,131292,6015,961,873,132,0.272,59925
2021-02-20,83679,4661,756,658,105,0.286,41129
2021-02-21,72039,4411,610,625,93,0.515,43810
2021-02-22,117015,5616,869,855,117,0.436,49533
2021-02-23,137259,6489,1061,786,177,0.676,71431
2021-02-24,139022,5621,922,619,76,0.715,52674
2021-02-25,133888,5851,1073,769,166,0.361,59555
2021-02-26,137730,5342,815,715,150,0.502,60180
2021-02-27,88291,4469,688,592,113,0.484,42409
2021-02-28,73381,3588,498,520,79,0.487,31707
2021-03-01,118117,4946,739,638,92,0.584,44846
2021-03-02,136881,5573,968,756,183,0.273,47853
2021-03-03,139326,5649,955,737,158,0.465,52089
2021-03-04,136437,5497,925,634,161,0.623,53188
2021-03-05,128042,5337,936,601,119,0.534,50033
2021-03-06,84413,4650,800,679,130,0.205,49367
2021-03-07,71941,4171,715,533,153,0.361,39838
2021-03-08,114985,5081,814,559,147,0.744,48618
2021-03-09,129501,5586,913,645,116,0.541,52849
2021-03-10,137813,6015,934,726,149,0.61,56949
2021-03-11,137425,5596,895,706,147,0.459,50341
2021-03-12,128094,5170,774,629,143,0.743,52195
2021-03-13,81079,4368,672,588,108,0.463,36362
2021-03-14,70057,4054,705,558,83,0.399,38580
2021-03-15,122183,5283,917,771,162,0.108,50243
2021-03-16,135641,5996,1023,742,173,0.493,59889
2021-03-17,139874,5240,821,590,105,0.653,53337
2021-03-18,142614,5390,835,619,96,0.702,49729
2021-03-19,137514,5630,751,635,96,0.866,61154
2021-03-20,82796,5021,646,535,75,0.877,62191
2021-03-21,71373,4827,787,504,123,0.818,54797
2021-03-22,120916,5429,838,658,88,0.626,49788
2021-03-23,137553,5581,882,577,123,0.867,54979
2021-03-24,138944,5217,917,567,110,0.579,50280
2021-03-25,138272,5294,793,582,117,0.738,52222
2021-03-26,135855,6082,1060,791,186,0.4,57853
2021-03-27,82832,4422,697,519,69,0.552,44536
2021-03-28,71203,3767,586,534,61,0.164,31455
2021-03-29,111064,3208,506,399,63,0.361,25376
2021-03-30,129482,4376,736,514,81,0.582,41089
2021-03-31,132986,4767,781,763,81,0.27,41875
2021-04-01,129142,4679,746,615,81,0.514,54733
2021-04-02,112433,4625,766,745,71,0.194,43100
2021-04-03,69804,3558,548,559,65,0.17,32846
2021-04-04,62978,3703,515,784,65,-0.501,37216
2021-04-05,96837,5515,772,875,61,0.31,56916
2021-04-06,122247,5522,750,813,66,0.354,55798
2021-04-07,131668,4805,660,862,85,0.105,48722
2021-04-08,131801,5621,828,810,74,0.385,52669
2021-04-09,128433,5075,717,691,61,0.489,49147
2021-04-10,78330,4290,712,716,83,-0.13,51684
2021-04-11,70136,3474,482,608,34,-0.081,43319
2021-04-12,116176,4688,642,696,73,0.287,45588
2021-04-13,128864,4782,645,643,85,0.552,67314
2021-04-14,135715,4674,585,602,39,0.64,48385
2021-04-15,137213,4807,560,656,42,0.649,46243
2021-04-16,125738,4594,600,541,42,0.803,50729
2021-04-17,77403,4202,614,550,57,0.599,45473
2021-04-18,70427,3685,493,507,42,0.497,33365
2021-04-19,118070,5491,719,735,66,0.677,60141
2021-04-20,132740,5187,636,701,67,0.72,57529
2021-04-21,139649,5102,753,706,113,0.346,45416
2021-04-22,139237,5624,688,776,79,0.653,66345
2021-04-23,125782,5714,707,696,70,0.756,63495
2021-04-24,80399,4727,506,675,38,0.6,51263
2021-04-25,69860,4467,510,603,41,0.761,48136
2021-04-26,118483,6783,762,900,75,0.971,78596
2021-04-27,131512,6596,766,824,64,0.98,80513
2021-04-28,136343,6193,700,795,37,0.883,72472
2021-04-29,129941,5562,645,612,57,1.082,57892
2021-04-30,122038,5633,610,715,52,0.974,75302
2021-05-01,76918,5046,552,727,37,0.7,86792
2021-05-02,67028,4702,622,582,45,0.802,56209
2021-05-03,106833,5811,800,715,62,0.858,55616
2021-05-04,121891,5786,771,648,92,0.978,55623
2021-05-05,133398,6486,797,793,68,0.897,80481
2021-05-06,131691,5857,697,769,60,0.868,72410
2021-05-07,123309,5786,663,724,47,0.887,76495
2021-05-08,74371,4369,487,558,38,0.854,48733
2021-05-09,65818,3437,393,403,27,0.96,37165
2021-05-10,111948,4715,573,522,48,1.038,44884
2021-05-11,129140,5233,718,609,32,0.781,50503
2021-05-12,138809,5228,665,676,41,0.554,55913
2021-05-13,128732,5254,668,637,27,0.734,47223
2021-05-14,119974,4805,674,606,34,0.592,47091
2021-05-15,78275,3757,461,542,50,0.528,37858
2021-05-16,73211,3427,424,540,60,0.277,39805
2021-05-17,118508,4701,662,686,79,0.417,49864
2021-05-18,129876,4549,566,563,42,0.849,46094
2021-05-19,143206,5310,809,546,67,0.802,56420
2021-05-20,140503,4898,602,543,41,0.953,46982
2021-05-21,130339,4748,624,667,50,0.539,49954
2021-05-22,79160,3907,534,564,48,0.443,56099
2021-05-23,67374,3368,442,508,43,0.26,34342
2021-05-24,116819,4654,670,565,55,0.647,45675
2021-05-25,136574,5063,746,591,66,0.609,60841
2021-05-26,136703,4906,751,586,120,0.568,56000
2021-05-27,134095,4982,669,595,72,0.732,50673
2021-05-28,123792,4470,715,545,50,0.522,43641
2021-05-29,72992,3669,545,438,48,0.668,34418
2021-05-30,68351,3160,446,444,45,0.522,28505
2021-05-31,91537,4114,623,547,56,0.537,33618
2021-06-01,117111,4502,711,557,45,0.621,48829
2021-06-02,126832,4644,645,643,61,0.518,46692
2021-06-03,130033,4723,698,678,49,0.327,56304
2021-06-04,123907,4946,734,615,42,0.611,56974
2021-06-05,71467,3394,508,498,25,0.381,41524
2021-06-06,69288,3255,471,516,35,0.421,34405
2021-06-07,112387,4053,527,526,62,0.803,41320
2021-06-08,125410,4497,606,522,62,0.848,45795
2021-06-09,131251,4946,654,552,80,0.886,49179
2021-06-10,134824,4825,652,551,51,0.822,43563
2021-06-11,127226,4965,721,658,100,0.575,44934
2021-06-12,77168,3781,555,544,62,0.266,39423
2021-06-13,71725,3029,455,371,36,0.557,26191
2021-06-14,116730,4332,586,605,40,0.55,48146
2021-06-15,128095,4750,766,718,90,0.186,40744
2021-06-16,127163,4766,719,614,59,0.583,47483
2021-06-17,126477,4528,719,610,60,0.464,38531
2021-06-18,116741,4458,781,598,82,0.23,44089
2021-06-19,68754,3626,467,489,43,0.7,33305
2021-06-20,65100,3159,404,382,33,0.838,26690
2021-06-21,108921,4578,631,564,56,0.742,44314
2021-06-22,121574,5225,721,579,54,0.875,46876
2021-06-23,130169,4942,776,581,51,0.603,46150
2021-06-24,133025,5954,807,669,72,0.816,53816
2021-06-25,123476,4701,749,627,75,0.416,43187
2021-06-26,74520,3764,578,471,108,0.481,32268
2021-06-27,64734,3010,412,396,30,0.481,29265
2021-06-28,110021,4645,752,698,95,0.152,40756
2021-06-29,121362,5015,732,700,52,0.39,48450
2021-06-30,123999,4942,809,638,71,0.391,46659
2021-07-01,121438,4532,709,568,76,0.563,49860
2021-07-02,112291,4595,710,523,76,0.731,44205
2021-07-03,68752,3529,501,463,77,0.567,31076
2021-07-04,61024,2918,499,306,60,0.545,23881
2021-07-05,90605,4466,723,678,84,0.142,38597
2021-07-06,112984,5147,842,761,86,0.244,44610
2021-07-07,124236,5207,761,675,64,0.622,48217
2021-07-08,126774,4625,641,521,73,0.805,43795
2021-07-09,117848,4240,532,458,49,0.913,38843
2021-07-10,71134,3634,535,497,65,0.502,31109
2021-07-11,61881,3379,531,521,70,0.245,26185
2021-07-12,108956,4566,724,650,86,0.421,41404
2021-07-13,124134,4477,692,591,71,0.528,42410
2021-07-14,131450,4514,655,635,53,0.526,40709
2021-07-15,128995,4566,672,573,79,0.683,45204
2021-07-16,119896,4787,690,673,66,0.449,41318
2021-07-17,75222,3704,577,462,52,0.473,33663
2021-07-18,64236,3224,501,395,60,0.556,28659
2021-07-19,108188,4097,643,422,64,0.682,34685
2021-07-20,117282,4575,769,550,63,0.412,55839
2021-07-21,117754,4709,793,521,117,0.517,45690
2021-07-22,115188,5023,831,571,172,0.344,48137
2021-07-23,107782,5660,857,717,115,0.456,56178
2021-07-24,65952,3976,561,522,63,0.64,38198
2021-07-25,58976,3732,504,462,64,0.5,31671
2021-07-26,102413,5359,726,671,112,0.566,49990
2021-07-27,113001,5939,760,711,68,0.978,62849
2021-07-28,121467,6127,743,572,72,1.086,69343
2021-07-29,117775,5000,752,583,61,0.611,42722
2021-07-30,101579,4323,630,446,75,0.678,38912
2021-07-31,57701,3251,450,452,52,0.517,28462
2021-08-01,56484,2966,411,401,47,0.534,26490
2021-08-02,89909,4059,571,511,54,0.591,35674
2021-08-03,104145,4103,637,506,88,0.52,35349
2021-08-04,111655,4254,716,614,95,0.152,39518
2021-08-05,110780,4776,825,555,146,0.423,42441
2021-08-06,102650,3891,616,480,97,0.479,33805
2021-08-07,50853,2421,368,315,56,0.359,20368
2021-08-08,49344,2492,316,393,36,0.26,21001
2021-08-09,84857,3704,533,453,87,0.552,33730
2021-08-10,99130,3905,525,552,67,0.497,33396
2021-08-11,102471,3642,461,391,55,0.931,30673
2021-08-12,103527,4109,641,555,98,0.454,40067
2021-08-13,96406,3499,505,525,44,0.333,29287
2021-08-14,52925,2435,359,328,35,0.482,19124
2021-08-15,45607,1818,225,228,30,0.5,15301
2021-08-16,84764,2999,387,378,28,0.759,27408
2021-08-17,90762,3436,420,377,46,0.874,40265
2021-08-18,95288,3312,473,378,65,0.778,27734
2021-08-19,123351,4176,531,565,27,0.696,38185
2021-08-20,118912,4261,581,522,30,0.691,35245
2021-08-21,78356,3211,416,434,51,0.708,26504
2021-08-22,72368,3198,400,432,37,0.678,32266
2021-08-23,114614,4455,696,535,87,0.536,36996
2021-08-24,126683,5521,923,883,170,0.143,48558
2021-08-25,132786,5105,814,660,73,0.505,46857
2021-08-26,127177,4947,765,717,97,0.262,46523
2021-08-27,122700,4826,705,648,80,0.52,41738
2021-08-28,79282,4181,719,760,129,-0.149,38333
2021-08-29,69156,3276,557,457,75,0.229,28937
2021-08-30,105971,4090,670,615,96,0.262,35845
2021-08-31,122944,4389,598,660,70,0.534,36942
2021-09-01,127224,5023,708,538,69,0.923,50500
2021-09-02,124388,4953,698,620,63,0.574,52666
2021-09-03,114132,4547,611,514,58,0.847,43301
2021-09-04,69988,4018,528,463,53,0.965,34913
2021-09-05,64131,3648,574,446,91,0.537,37656
2021-09-06,90765,4890,770,627,127,0.465,42717
2021-09-07,112732,5409,851,649,126,0.654,47539
2021-09-08,122529,5420,834,617,119,0.653,55969
2021-09-09,125795,5256,728,609,77,0.748,46808
2021-09-10,119919,3961,577,514,52,0.633,33365
2021-09-11,81348,3828,505,413,55,0.895,33547
2021-09-12,66971,3452,436,468,48,0.586,29271
2021-09-13,110993,4638,652,552,78,0.713,40602
2021-09-14,125747,5156,768,710,83,0.437,47823
2021-09-15,132044,4866,726,750,55,0.386,50504
2021-09-16,131419,4755,647,621,55,0.613,46828
2021-09-17,128389,5135,803,620,119,0.649,47451
2021-09-18,79743,3756,445,560,45,0.663,37539
2021-09-19,66601,3175,471,434,40,0.58,29104
2021-09-20,115072,4899,740,628,74,0.661,42509
2021-09-21,125006,5146,657,669,55,0.642,46739
2021-09-22,135139,5533,841,737,70,0.469,51808
2021-09-23,130683,5542,735,645,79,0.752,48868
2021-09-24,126801,6033,798,810,125,0.487,56235
2021-09-25,92709,4811,622,561,86,0.705,48732
2021-09-26,104784,4401,537,557,76,0.685,37378
2021-09-27,147641,5888,1006,761,290,0.347,66605
2021-09-28,145490,5688,816,737,114,0.697,44845
2021-09-29,138743,5133,759,650,86,0.685,39959
2021-09-30,139144,5165,714,705,79,0.583,44285
2021-10-01,127230,5158,774,625,84,0.592,45972
2021-10-02,83376,4186,557,519,106,0.628,37444
2021-10-03,72849,3896,620,653,128,-0.168,31471
2021-10-04,112988,5995,1150,991,280,-0.284,49921
2021-10-05,131455,6012,1061,984,199,0.007,49076
2021-10-06,130663,5577,893,843,158,0.165,47992
2021-10-07,130590,5221,815,935,122,-0.209,44319
2021-10-08,121610,5667,926,879,131,0.094,48743
2021-10-09,78283,4795,764,665,154,0.278,57764
2021-10-10,68316,4458,811,795,147,-0.346,61235
2021-10-11,108689,5168,901,914,183,-0.293,46756
2021-10-12,119332,5356,713,981,79,0.024,48538
2021-10-13,126128,4811,793,781,77,0.106,41882
2021-10-14,128203,4285,685,547,56,0.59,39444
2021-10-15,115755,3892,546,624,60,0.279,37991
2021-10-16,75537,3910,593,667,70,0.059,33913
2021-10-17,66332,3553,522,715,74,-0.156,35814
2021-10-18,108178,4594,709,808,152,-0.014,38177
2021-10-19,125989,4655,754,718,125,0.318,42793
2021-10-20,130312,4752,671,730,67,0.355,43948
2021-10-21,128962,4816,680,569,66,0.696,48163
2021-10-22,120016,4530,646,533,57,0.762,41080
2021-10-23,75151,3784,528,500,76,0.459,35866
2021-10-24,65372,3438,472,449,75,0.54,42333
2021-10-25,110069,4472,662,505,83,0.847,51279
2021-10-26,122581,4488,690,574,61,0.457,36232
2021-10-27,128202,4758,818,567,85,0.474,43253
2021-10-28,125765,5335,861,674,77,0.512,50747
2021-10-29,121854,4553,664,551,70,0.714,40320
2021-10-30,79690,4015,582,448,49,0.769,40136
2021-10-31,95557,3484,531,381,74,0.769,26834
2021-11-01,112985,4043,549,473,54,0.842,38610
2021-11-02,119960,3858,553,422,62,0.871,34559
2021-11-03,127087,4041,529,443,29,0.946,36690
2021-11-04,119632,2661,311,279,22,0.902,31389
2021-11-05,116532,3193,428,406,45,0.536,27259
2021-11-06,68564,2901,553,385,82,0.066,24138
2021-11-07,60758,3340,584,437,66,0.147,27433
2021-11-08,112576,4672,709,710,107,0.14,37397
2021-11-09,130665,5076,731,579,85,0.872,43102
2021-11-10,135705,5460,695,588,71,0.971,44541
2021-11-11,134322,4829,661,563,69,0.841,40797
2021-11-12,121018,4682,750,608,108,0.486,38692
2021-11-13,75770,4018,616,707,85,-0.13,39707
2021-11-14,67425,3741,481,627,56,0.132,32409
2021-11-15,111479,4874,690,695,84,0.46,42899
2021-11-16,124613,4867,672,728,76,0.53,41288
2021-11-17,127980,5181,702,749,94,0.394,44184
2021-11-18,130985,5197,797,762,104,0.236,51082
2021-11-19,117546,5045,874,647,217,0.26,56987
2021-11-20,72294,3450,522,420,115,0.567,31348
2021-11-21,64032,3536,507,441,65,0.715,29483
2021-11-22,110064,4981,776,668,152,0.404,44472
2021-11-23,123742,4912,787,685,95,0.361,45129
2021-11-24,119023,4832,654,625,125,0.74,43161
2021-11-25,99418,4758,741,610,92,0.555,39772
2021-11-26,98496,4892,777,673,154,0.353,48605
2021-11-27,69388,3576,528,444,104,0.48,43369
2021-11-28,65763,3071,394,403,49,0.534,26226
2021-11-29,109635,4688,737,514,116,0.583,53819
2021-11-30,121418,4921,786,486,93,0.797,46682
2021-12-01,123924,4533,668,424,88,1.0,40710
2021-12-02,127130,4659,716,463,92,0.744,45599
2021-12-03,119143,4856,678,522,83,0.783,42244
2021-12-04,77686,4280,496,395,67,1.05,40749
2021-12-05,66770,4558,575,644,69,0.35,51320
2026-07-28,114737,7007,1363,757,312,0.361,70828
