date,institution,channel,title,url
2017-03-06,idsa,general,Inaugural Address by Hon’ble Raksha Mantri Shri Manohar Parrikar at the 19th Asian Security Conference on ‘Combating Terrorism: Evolving an Asian Response’,https://idsa.in/inaugural-address-by-honble-raksha-mantri-shri-manohar-parrikar-at-the-19th-asian-security-conference-on-combating-terrorism-evolving-an-asian-response
2017-03-06,idsa,general,"Keynote Address H.E. Mhd. Hanif Atmar, National Security Advisor, Afghanistan at the 19th Asian Security Conference on “Combating Terrorism: Evolving an Asian Response”",https://idsa.in/keynote-address-h-e-mhd-hanif-atmar-national-security-advisor-afghanistan-at-the-19th-asian-security-conference-on-combating-terrorism-evolving-an-asian-response-2
2020-02-26,idsa,general,Welcome Remarks by Amb. Sujan R. Chinoy | 4th West Asia Conference,https://idsa.in/welcome-remarks-by-amb-sujan-r-chinoy-4th-west-asia-conference
2024-02-28,idsa,general,Keynote Address at the 9th South Asia Conference on “Culture as a Factor in Regional Cooperation in South Asia”,https://idsa.in/keynote-address-at-the-9th-south-asia-conference-on-culture-as-a-factor-in-regional-cooperation-in-south-asia
2024-02-28,idsa,general,"Keynote Address H.E. Mhd. Hanif Atmar, National Security Advisor, Afghanistan at the 19th Asian Security Conference on “Combating Terrorism: Evolving an Asian Response”",https://idsa.in/keynote-address-h-e-mhd-hanif-atmar-national-security-advisor-afghanistan-at-the-19th-asian-security-conference-on-combating-terrorism-evolving-an-asian-response
2026-07-09,gateway_house,gulf_energy,The missing pillar of India’s sovereign AI,https://www.gatewayhouse.in/the-missing-pillar-of-indias-sovereign-ai/
2026-07-09,gateway_house,general,Putin pushes for technological sovereignty,https://www.gatewayhouse.in/putin-pushes-for-technological-sovereignty/
2026-07-09,gateway_house,general,India-Japan Economic Security Pillar,https://www.gatewayhouse.in/india-japan-economic-security-pillar/
2026-07-14,gateway_house,general,Modi-Prabowo sextet of good intentions,https://www.gatewayhouse.in/modi-prabowo-sextet-of-good-intentions/
2026-07-16,gateway_house,general,The gulf in the Gulf,https://www.gatewayhouse.in/the-gulf-in-the-gulf/
2026-07-16,gateway_house,general,Five surprising truths about middle-powers,https://www.gatewayhouse.in/five-surprising-truths-about-middle-powers/
2026-07-20,rand,general,Diffusion of HIV Prevention Advocacy in Social Networks of Persons Living with HIV in Uganda,https://www.rand.org/pubs/external_publications/EP71384.html
2026-07-20,rand,general,"Staffing Audit Outcomes Among California Skilled Nursing Facilities, Prior to and After COVID-19–Related Staffing Waivers",https://www.rand.org/pubs/external_publications/EP71349.html
2026-07-20,rand,general,An Economic Analysis of Midstream Manufacturing in the EU Defence and Aerospace Sectors and Opportunities for a More Circular Economy in the UK,https://www.rand.org/pubs/external_publications/EP71406.html
2026-07-20,rand,general,"Basement Wetness, Indoor Environmental Hazards, and Health in Climate-Vulnerable Urban Communities",https://www.rand.org/pubs/external_publications/EP71365.html
2026-07-20,rand,general,Examining the Impact of Senate Bill 1160 on Utilization Review and Medical Treatment in California Workers' Compensation,https://www.rand.org/pubs/research_reports/RRA4256-1.html
2026-07-21,rand,general,The Men and Women of Project Firestar—How the United States Developed the Labor Force to Colonize Titan,https://www.rand.org/pubs/perspectives/PEA3365-2.html
2026-07-21,rand,general,China's strategic petroleum reserve as a geoeconomic tool,https://www.rand.org/pubs/research_reports/RRA5069-1.html
2026-07-22,rand,general,Effects of Exposure to Active Minds’ Send Silence Packing Exhibit on College Students’ Mental Health Help-Seeking Intentions,https://www.rand.org/pubs/external_publications/EP71410.html
2026-07-23,gateway_house,general,"“There have to be some signals, some gestures from our closest neighbour, India”",https://www.gatewayhouse.in/there-have-to-be-some-signals-some-gestures-from-our-closest-neighbor-india/
2026-07-23,gateway_house,general,India should re-examine its energy investment,https://www.gatewayhouse.in/india-should-re-examine-its-energy-investment/
2026-07-23,gateway_house,general,Mizoram’s Chin refugees from Myanmar,https://www.gatewayhouse.in/mizorams-chin-refugees-from-myanmar/
2026-07-23,rand,general,Sustaining Agile Operations,https://www.rand.org/pubs/research_reports/RRA3582-2.html
2026-07-23,rand,general,Federal Spending Mapping Tools,https://www.rand.org/pubs/tools/TLA4392-2.html
2026-07-27,rand,general,Total War on Taipei,https://www.rand.org/pubs/external_publications/EP71429.html
2026-07-27,rand,general,Managed Disorder,https://www.rand.org/pubs/external_publications/EP71428.html
2026-07-28,rand,general,Veterans’ Participation in Public Programs,https://www.rand.org/pubs/research_reports/RRA4405-5.html
2026-07-29,rand,general,HMP Liverpool Major Refurbishment Project,https://www.rand.org/pubs/external_publications/EP71432.html
2026-07-30,gateway_house,general,ASEAN Centrality on Display in Manila,https://www.gatewayhouse.in/asean-centrality-on-display-in-manila/
2026-07-30,rand,general,A Structured Approach to Identifying and Characterizing AI Vulnerabilities,https://www.rand.org/pubs/research_reports/RRA4983-1.html
2026-07-30,rand,general,China’s Position on the Emerging Russia–North Korea Military Cooperation and Its Implications for the U.S.-ROK Alliance,https://www.rand.org/pubs/research_reports/RRA5044-1.html
2026-07-30,rand,general,Trends in Perception of Generative AI in Healthcare by US Adult Demographics and Political Identity,https://www.rand.org/pubs/external_publications/EP71364.html
2026-07-30,rand,general,Examining the Implementation and Impact of Pediatric ACE Screening,https://www.rand.org/pubs/research_reports/RRA4408-2.html
2026-07-31,rand,general,A U.S. Strategy to Prevent the Creation of Mirror Life,https://www.rand.org/pubs/research_reports/RRA4335-1.html
2026-07-31,rand,general,Principles for Communicating the Risks of Mirror Life,https://www.rand.org/pubs/perspectives/PEA4619-1.html
2026-08-02,crisisgroup,general,"War, Politics and Chauvinism in Russia and Europe",https://www.crisisgroup.org/pod/europe/russia/war-politics-and-chauvinism-russia-and-europe
2026-08-02,crisisgroup,general,End of U.S. Protected Status Means Haitians Face Return to Crime-hit Homeland,https://www.crisisgroup.org/anb/united-states/united-states-haiti/end-us-protected-status-means-haitians-face-return-crime-hit-homeland
2026-08-02,crisisgroup,general,Syria’s new parliament can build institutions and trust,https://www.crisisgroup.org/opd/middle-east-north-africa/syria/syrias-new-parliament-can-build-institutions-and-trust
2026-08-02,crisisgroup,general,"Ebola en RDC, une épidémie hors de contrôle ?",https://www.crisisgroup.org/fr/pod/africa/democratic-republic-congo/ebola-en-rdc-une-epidemie-hors-de-controle
2026-08-02,crisisgroup,general,On Our Radar,https://www.crisisgroup.org/sco/global/our-radar
2026-08-02,crisisgroup,general,Avrupa Birliği ve Türkiye: Savunmada Birlik?,https://www.crisisgroup.org/tr/brf/europe/european-union-turkiye/b99-eu-and-turkiye-uniting-defence
2026-08-02,crisisgroup,general,Sudan’s War Risks Fracturing Eastern Chad,https://www.crisisgroup.org/vid/africa/chad/sudans-war-risks-fracturing-eastern-chad
2026-08-02,crisisgroup,general,Ukraine’s Tensions on Show after Zelenskyy Reshuffles His War Leaders,https://www.crisisgroup.org/anb/europe/ukraine/ukraines-tensions-show-after-zelenskyy-reshuffles-his-war-leaders
2026-08-02,crisisgroup,general,The EU and Türkiye: Uniting in Defence?,https://www.crisisgroup.org/brf/europe/european-union-turkiye/b99-eu-and-turkiye-uniting-defence
2026-08-02,crisisgroup,general,The Allies Who Cannot Afford to Quit America,https://www.crisisgroup.org/opd/global/allies-who-cannot-afford-quit-america
2026-08-03,rand,general,Branded Packaging Raises Likelihood of Cigarette Purchasing in an Experimental Retail Setting by Increasing Craving,https://www.rand.org/pubs/external_publications/EP71435.html
2026-08-03,rand,general,Money and the Mind,https://www.rand.org/pubs/external_publications/EP71437.html
2026-08-03,rand,general,Physician Experiences in Health System-Owned Practices and Independent Practices,https://www.rand.org/pubs/external_publications/EP71307.html
2026-08-03,rand,general,State Laws Restricting Concealed Handguns in Sensitive Places,https://www.rand.org/pubs/external_publications/EP71433.html
2026-08-03,rand,general,Private Equity Ownership in Hospice Care,https://www.rand.org/pubs/external_publications/EP71422.html
2026-08-03,rand,general,Baby Bumps in the Road,https://www.rand.org/pubs/external_publications/EP71438.html
2026-08-03,rand,general,Putting Action in Climate Action Plans,https://www.rand.org/pubs/external_publications/EP71442.html
2026-08-03,rand,general,Unraveling the Complex Logistics in Support of Agile Combat Employment (ACE) Operations in the Indo-Pacific,https://www.rand.org/pubs/external_publications/EP71443.html
2026-08-03,rand,general,Safe to Hire,https://www.rand.org/pubs/external_publications/EP71423.html
2026-08-03,rand,general,The Economics of AI Counterproliferation,https://www.rand.org/pubs/research_reports/RRA4944-1.html
2026-08-03,rand,general,The Composition of Federal R&D Spending and U.S. Productivity Growth,https://www.rand.org/pubs/working_papers/WRA4392-1.html
2026-08-04,rand,general,AI and the Future of Emergency Management,https://www.rand.org/pubs/research_reports/RRA4625-1.html
2026-08-04,rand,general,Having Trouble Finding Good Workers?,https://www.rand.org/pubs/research_briefs/RBA1360-2.html
2026-08-04,rand,general,Secure Inference Data Centers,https://www.rand.org/pubs/research_reports/RRA4827-1.html
2026-08-04,rand,general,Veterans and Psychedelics,https://www.rand.org/pubs/presentations/PTA4405-5.html
2026-08-05,rand,general,A Portfolio Assessment Approach to Inform Resource Allocation Decisions,https://www.rand.org/pubs/research_reports/RRA3667-1.html
